-- phpMyAdmin SQL Dump
-- version 4.0.10.10
-- http://www.phpmyadmin.net
--
-- Хост: 127.0.0.1:3306
-- Время создания: Сен 09 2015 г., 17:22
-- Версия сервера: 5.5.45
-- Версия PHP: 5.6.12

SET SQL_MODE = "NO_AUTO_VALUE_ON_ZERO";
SET time_zone = "+00:00";


/*!40101 SET @OLD_CHARACTER_SET_CLIENT=@@CHARACTER_SET_CLIENT */;
/*!40101 SET @OLD_CHARACTER_SET_RESULTS=@@CHARACTER_SET_RESULTS */;
/*!40101 SET @OLD_COLLATION_CONNECTION=@@COLLATION_CONNECTION */;
/*!40101 SET NAMES utf8 */;

--
-- База данных: `junior_test`
--

-- --------------------------------------------------------

--
-- Структура таблицы `dependencies`
--

CREATE TABLE IF NOT EXISTS `dependencies` (
  `worker_id` int(10) unsigned NOT NULL,
  `boss_id` int(10) unsigned NOT NULL,
  KEY `dependencies_worker_id_index` (`worker_id`),
  KEY `dependencies_boss_id_index` (`boss_id`)
) ENGINE=InnoDB DEFAULT CHARSET=utf8 COLLATE=utf8_unicode_ci;

--
-- Дамп данных таблицы `dependencies`
--

INSERT INTO `dependencies` (`worker_id`, `boss_id`) VALUES
(2, 1),
(3, 1),
(4, 1),
(5, 1),
(6, 1),
(7, 1),
(8, 1),
(9, 1),
(10, 1),
(11, 1),
(12, 1),
(13, 1),
(14, 1),
(15, 1),
(16, 1),
(17, 1),
(18, 1),
(19, 1),
(20, 1),
(21, 1),
(22, 1),
(23, 1),
(24, 1),
(25, 1),
(26, 1),
(27, 1),
(28, 1),
(29, 1),
(30, 1),
(31, 1),
(32, 1),
(33, 1),
(34, 1),
(35, 1),
(36, 1),
(37, 1),
(38, 1),
(39, 1),
(40, 1),
(41, 1),
(42, 1),
(43, 1),
(44, 1),
(45, 1),
(46, 1),
(47, 1),
(48, 1),
(49, 1),
(50, 1),
(51, 1),
(52, 1),
(53, 1),
(54, 1),
(55, 1),
(56, 1),
(57, 1),
(58, 1),
(59, 1),
(60, 1),
(61, 1),
(62, 1),
(63, 1),
(64, 1),
(65, 1),
(66, 1),
(67, 1),
(68, 1),
(69, 1),
(70, 1),
(71, 1),
(72, 1),
(73, 1),
(74, 1),
(75, 1),
(76, 1),
(77, 1),
(78, 1),
(79, 1),
(80, 1),
(81, 1),
(82, 1),
(83, 1),
(84, 1),
(85, 1),
(86, 1),
(87, 1),
(88, 1),
(89, 1),
(90, 1),
(91, 1),
(92, 1),
(93, 1),
(94, 1),
(95, 1),
(96, 1),
(97, 1),
(98, 1),
(99, 1),
(100, 1),
(101, 1),
(102, 1),
(103, 1),
(104, 1),
(105, 1),
(106, 1),
(107, 1),
(108, 1),
(109, 1),
(110, 1),
(111, 1),
(112, 1),
(113, 1),
(114, 1),
(115, 1),
(116, 1),
(117, 1),
(118, 1),
(119, 1),
(120, 1),
(121, 1),
(122, 1),
(123, 1),
(124, 1),
(125, 1),
(126, 1),
(127, 1),
(128, 1),
(129, 1),
(130, 1),
(131, 1),
(132, 1),
(133, 1),
(134, 1),
(135, 1),
(136, 1),
(137, 1),
(138, 1),
(139, 1),
(140, 1),
(141, 1),
(142, 1),
(143, 1),
(144, 1),
(145, 1),
(146, 1),
(147, 1),
(148, 1),
(149, 1),
(150, 1),
(151, 1),
(152, 1),
(153, 1),
(154, 1),
(155, 1),
(156, 1),
(157, 1),
(158, 1),
(159, 1),
(160, 1),
(161, 1),
(162, 1),
(163, 1),
(164, 1),
(165, 1),
(166, 1),
(167, 1),
(168, 1),
(169, 1),
(170, 1),
(171, 1),
(172, 1),
(173, 1),
(174, 1),
(175, 1),
(176, 1),
(177, 1),
(178, 1),
(179, 1),
(180, 1),
(181, 1),
(182, 1),
(183, 1),
(184, 1),
(185, 1),
(186, 1),
(187, 1),
(188, 1),
(189, 1),
(190, 1),
(191, 1),
(192, 1),
(193, 1),
(194, 1),
(195, 1),
(196, 1),
(197, 1),
(198, 1),
(199, 1),
(200, 1),
(201, 1),
(202, 1),
(203, 2),
(204, 2),
(205, 3),
(206, 4),
(207, 5),
(208, 6),
(209, 7),
(210, 8),
(211, 9),
(212, 10),
(213, 11),
(214, 12),
(215, 13),
(216, 14),
(217, 15),
(218, 16),
(219, 17),
(220, 18),
(221, 19),
(222, 20),
(223, 21),
(224, 22),
(225, 23),
(226, 24),
(227, 25),
(228, 26),
(229, 27),
(230, 28),
(231, 29),
(232, 30),
(233, 31),
(234, 32),
(235, 33),
(236, 34),
(237, 35),
(238, 36),
(239, 37),
(240, 38),
(241, 39),
(242, 40),
(243, 41),
(244, 42),
(245, 43),
(246, 44),
(247, 45),
(248, 46),
(249, 47),
(250, 48),
(251, 49),
(252, 50),
(253, 51),
(254, 52),
(255, 53),
(256, 54),
(257, 55),
(258, 56),
(259, 57),
(260, 58),
(261, 59),
(262, 60),
(263, 61),
(264, 62),
(265, 63),
(266, 64),
(267, 65),
(268, 66),
(269, 67),
(270, 68),
(271, 69),
(272, 70),
(273, 71),
(274, 72),
(275, 73),
(276, 74),
(277, 75),
(278, 76),
(279, 77),
(280, 78),
(281, 79),
(282, 80),
(283, 81),
(284, 82),
(285, 83),
(286, 84),
(287, 85),
(288, 86),
(289, 87),
(290, 88),
(291, 89),
(292, 90),
(293, 91),
(294, 92),
(295, 93),
(296, 94),
(297, 95),
(298, 96),
(299, 97),
(300, 98),
(301, 99),
(302, 100),
(303, 101),
(304, 102),
(305, 103),
(306, 104),
(307, 105),
(308, 106),
(309, 107),
(310, 108),
(311, 109),
(312, 110),
(313, 111),
(314, 112),
(315, 113),
(316, 114),
(317, 115),
(318, 116),
(319, 117),
(320, 118),
(321, 119),
(322, 120),
(323, 121),
(324, 122),
(325, 123),
(326, 124),
(327, 125),
(328, 126),
(329, 127),
(330, 128),
(331, 129),
(332, 130),
(333, 131),
(334, 132),
(335, 133),
(336, 134),
(337, 135),
(338, 136),
(339, 137),
(340, 138),
(341, 139),
(342, 140),
(343, 141),
(344, 142),
(345, 143),
(346, 144),
(347, 145),
(348, 146),
(349, 147),
(350, 148),
(351, 149),
(352, 150),
(353, 151),
(354, 152),
(355, 153),
(356, 154),
(357, 155),
(358, 156),
(359, 157),
(360, 158),
(361, 159),
(362, 160),
(363, 161),
(364, 162),
(365, 163),
(366, 164),
(367, 165),
(368, 166),
(369, 167),
(370, 168),
(371, 169),
(372, 170),
(373, 171),
(374, 172),
(375, 173),
(376, 174),
(377, 175),
(378, 176),
(379, 177),
(380, 178),
(381, 179),
(382, 180),
(383, 181),
(384, 182),
(385, 183),
(386, 184),
(387, 185),
(388, 186),
(389, 187),
(390, 188),
(391, 189),
(392, 190),
(393, 191),
(394, 192),
(395, 193),
(396, 194),
(397, 195),
(398, 196),
(399, 197),
(400, 198),
(401, 199),
(402, 200),
(403, 201),
(404, 203),
(405, 203),
(406, 204),
(407, 205),
(408, 206),
(409, 207),
(410, 208),
(411, 209),
(412, 210),
(413, 211),
(414, 212),
(415, 213),
(416, 214),
(417, 215),
(418, 216),
(419, 217),
(420, 218),
(421, 219),
(422, 220),
(423, 221),
(424, 222),
(425, 223),
(426, 224),
(427, 225),
(428, 226),
(429, 227),
(430, 228),
(431, 229),
(432, 230),
(433, 231),
(434, 232),
(435, 233),
(436, 234),
(437, 235),
(438, 236),
(439, 237),
(440, 238),
(441, 239),
(442, 240),
(443, 241),
(444, 242),
(445, 243),
(446, 244),
(447, 245),
(448, 246),
(449, 247),
(450, 248),
(451, 249),
(452, 250),
(453, 251),
(454, 252),
(455, 253),
(456, 254),
(457, 255),
(458, 256),
(459, 257),
(460, 258),
(461, 259),
(462, 260),
(463, 261),
(464, 262),
(465, 263),
(466, 264),
(467, 265),
(468, 266),
(469, 267),
(470, 268),
(471, 269),
(472, 270),
(473, 271),
(474, 272),
(475, 273),
(476, 274),
(477, 275),
(478, 276),
(479, 277),
(480, 278),
(481, 279),
(482, 280),
(483, 281),
(484, 282),
(485, 283),
(486, 284),
(487, 285),
(488, 286),
(489, 287),
(490, 288),
(491, 289),
(492, 290),
(493, 291),
(494, 292),
(495, 293),
(496, 294),
(497, 295),
(498, 296),
(499, 297),
(500, 298),
(501, 299),
(502, 300),
(503, 301),
(504, 302),
(505, 303),
(506, 304),
(507, 305),
(508, 306),
(509, 307),
(510, 308),
(511, 309),
(512, 310),
(513, 311),
(514, 312),
(515, 313),
(516, 314),
(517, 315),
(518, 316),
(519, 317),
(520, 318),
(521, 319),
(522, 320),
(523, 321),
(524, 322),
(525, 323),
(526, 324),
(527, 325),
(528, 326),
(529, 327),
(530, 328),
(531, 329),
(532, 330),
(533, 331),
(534, 332),
(535, 333),
(536, 334),
(537, 335),
(538, 336),
(539, 337),
(540, 338),
(541, 339),
(542, 340),
(543, 341),
(544, 342),
(545, 343),
(546, 344),
(547, 345),
(548, 346),
(549, 347),
(550, 348),
(551, 349),
(552, 350),
(553, 351),
(554, 352),
(555, 353),
(556, 354),
(557, 355),
(558, 356),
(559, 357),
(560, 358),
(561, 359),
(562, 360),
(563, 361),
(564, 362),
(565, 363),
(566, 364),
(567, 365),
(568, 366),
(569, 367),
(570, 368),
(571, 369),
(572, 370),
(573, 371),
(574, 372),
(575, 373),
(576, 374),
(577, 375),
(578, 376),
(579, 377),
(580, 378),
(581, 379),
(582, 380),
(583, 381),
(584, 382),
(585, 383),
(586, 384),
(587, 385),
(588, 386),
(589, 387),
(590, 388),
(591, 389),
(592, 390),
(593, 391),
(594, 392),
(595, 393),
(596, 394),
(597, 395),
(598, 396),
(599, 397),
(600, 398),
(601, 399),
(602, 400),
(603, 401),
(604, 402),
(605, 404),
(606, 404),
(607, 405),
(608, 406),
(609, 407),
(610, 408),
(611, 409),
(612, 410),
(613, 411),
(614, 412),
(615, 413),
(616, 414),
(617, 415),
(618, 416),
(619, 417),
(620, 418),
(621, 419),
(622, 420),
(623, 421),
(624, 422),
(625, 423),
(626, 424),
(627, 425),
(628, 426),
(629, 427),
(630, 428),
(631, 429),
(632, 430),
(633, 431),
(634, 432),
(635, 433),
(636, 434),
(637, 435),
(638, 436),
(639, 437),
(640, 438),
(641, 439),
(642, 440),
(643, 441),
(644, 442),
(645, 443),
(646, 444),
(647, 445),
(648, 446),
(649, 447),
(650, 448),
(651, 449),
(652, 450),
(653, 451),
(654, 452),
(655, 453),
(656, 454),
(657, 455),
(658, 456),
(659, 457),
(660, 458),
(661, 459),
(662, 460),
(663, 461),
(664, 462),
(665, 463),
(666, 464),
(667, 465),
(668, 466),
(669, 467),
(670, 468),
(671, 469),
(672, 470),
(673, 471),
(674, 472),
(675, 473),
(676, 474),
(677, 475),
(678, 476),
(679, 477),
(680, 478),
(681, 479),
(682, 480),
(683, 481),
(684, 482),
(685, 483),
(686, 484),
(687, 485),
(688, 486),
(689, 487),
(690, 488),
(691, 489),
(692, 490),
(693, 491),
(694, 492),
(695, 493),
(696, 494),
(697, 495),
(698, 496),
(699, 497),
(700, 498),
(701, 499),
(702, 500),
(703, 501),
(704, 502),
(705, 503),
(706, 504),
(707, 505),
(708, 506),
(709, 507),
(710, 508),
(711, 509),
(712, 510),
(713, 511),
(714, 512),
(715, 513),
(716, 514),
(717, 515),
(718, 516),
(719, 517),
(720, 518),
(721, 519),
(722, 520),
(723, 521),
(724, 522),
(725, 523),
(726, 524),
(727, 525),
(728, 526),
(729, 527),
(730, 528),
(731, 529),
(732, 530),
(733, 531),
(734, 532),
(735, 533),
(736, 534),
(737, 535),
(738, 536),
(739, 537),
(740, 538),
(741, 539),
(742, 540),
(743, 541),
(744, 542),
(745, 543),
(746, 544),
(747, 545),
(748, 546),
(749, 547),
(750, 548),
(751, 549),
(752, 550),
(753, 551),
(754, 552),
(755, 553),
(756, 554),
(757, 555),
(758, 556),
(759, 557),
(760, 558),
(761, 559),
(762, 560),
(763, 561),
(764, 562),
(765, 563),
(766, 564),
(767, 565),
(768, 566),
(769, 567),
(770, 568),
(771, 569),
(772, 570),
(773, 571),
(774, 572),
(775, 573),
(776, 574),
(777, 575),
(778, 576),
(779, 577),
(780, 578),
(781, 579),
(782, 580),
(783, 581),
(784, 582),
(785, 583),
(786, 584),
(787, 585),
(788, 586),
(789, 587),
(790, 588),
(791, 589),
(792, 590),
(793, 591),
(794, 592),
(795, 593),
(796, 594),
(797, 595),
(798, 596),
(799, 597),
(800, 598),
(801, 599),
(802, 600),
(803, 601),
(804, 602),
(805, 603),
(806, 605),
(807, 606),
(808, 607),
(809, 608),
(810, 609),
(811, 610),
(812, 611),
(813, 612),
(814, 613),
(815, 614),
(816, 615),
(817, 616),
(818, 617),
(819, 618),
(820, 619),
(821, 620),
(822, 621),
(823, 622),
(824, 623),
(825, 624),
(826, 625),
(827, 626),
(828, 627),
(829, 628),
(830, 629),
(831, 630),
(832, 631),
(833, 632),
(834, 633),
(835, 634),
(836, 635),
(837, 636),
(838, 637),
(839, 638),
(840, 639),
(841, 640),
(842, 641),
(843, 642),
(844, 643),
(845, 644),
(846, 645),
(847, 646),
(848, 647),
(849, 648),
(850, 649),
(851, 650),
(852, 651),
(853, 652),
(854, 653),
(855, 654),
(856, 655),
(857, 656),
(858, 657),
(859, 658),
(860, 659),
(861, 660),
(862, 661),
(863, 662),
(864, 663),
(865, 664),
(866, 665),
(867, 666),
(868, 667),
(869, 668),
(870, 669),
(871, 670),
(872, 671),
(873, 672),
(874, 673),
(875, 674),
(876, 675),
(877, 676),
(878, 677),
(879, 678),
(880, 679),
(881, 680),
(882, 681),
(883, 682),
(884, 683),
(885, 684),
(886, 685),
(887, 686),
(888, 687),
(889, 688),
(890, 689),
(891, 690),
(892, 691),
(893, 692),
(894, 693),
(895, 694),
(896, 695),
(897, 696),
(898, 697),
(899, 698),
(900, 699),
(901, 700),
(902, 701),
(903, 702),
(904, 703),
(905, 704),
(906, 705),
(907, 706),
(908, 707),
(909, 708),
(910, 709),
(911, 710),
(912, 711),
(913, 712),
(914, 713),
(915, 714),
(916, 715),
(917, 716),
(918, 717),
(919, 718),
(920, 719),
(921, 720),
(922, 721),
(923, 722),
(924, 723),
(925, 724),
(926, 725),
(927, 726),
(928, 727),
(929, 728),
(930, 729),
(931, 730),
(932, 731),
(933, 732),
(934, 733),
(935, 734),
(936, 735),
(937, 736),
(938, 737),
(939, 738),
(940, 739),
(941, 740),
(942, 741),
(943, 742),
(944, 743),
(945, 744),
(946, 745),
(947, 746),
(948, 747),
(949, 748),
(950, 749),
(951, 750),
(952, 751),
(953, 752),
(954, 753),
(955, 754),
(956, 755),
(957, 756),
(958, 757),
(959, 758),
(960, 759),
(961, 760),
(962, 761),
(963, 762),
(964, 763),
(965, 764),
(966, 765),
(967, 766),
(968, 767),
(969, 768),
(970, 769),
(971, 770),
(972, 771),
(973, 772),
(974, 773),
(975, 774),
(976, 775),
(977, 776),
(978, 777),
(979, 778),
(980, 779),
(981, 780),
(982, 781),
(983, 782),
(984, 783),
(985, 784),
(986, 785),
(987, 786),
(988, 787),
(989, 788),
(990, 789),
(991, 790),
(992, 791),
(993, 792),
(994, 793),
(995, 794),
(996, 795),
(997, 796),
(998, 797),
(999, 798),
(1000, 799),
(1001, 800),
(1002, 801);

-- --------------------------------------------------------

--
-- Структура таблицы `migrations`
--

CREATE TABLE IF NOT EXISTS `migrations` (
  `migration` varchar(255) COLLATE utf8_unicode_ci NOT NULL,
  `batch` int(11) NOT NULL
) ENGINE=InnoDB DEFAULT CHARSET=utf8 COLLATE=utf8_unicode_ci;

--
-- Дамп данных таблицы `migrations`
--

INSERT INTO `migrations` (`migration`, `batch`) VALUES
('2015_09_08_193204_create_workers_table', 1),
('2015_09_08_194724_create_dependencies_table', 1);

-- --------------------------------------------------------

--
-- Структура таблицы `workers`
--

CREATE TABLE IF NOT EXISTS `workers` (
  `id` int(10) unsigned NOT NULL AUTO_INCREMENT,
  `name` varchar(255) COLLATE utf8_unicode_ci NOT NULL,
  `position` varchar(255) COLLATE utf8_unicode_ci NOT NULL,
  `start_day` int(11) NOT NULL,
  `salary` int(10) unsigned NOT NULL,
  PRIMARY KEY (`id`)
) ENGINE=InnoDB  DEFAULT CHARSET=utf8 COLLATE=utf8_unicode_ci AUTO_INCREMENT=1003 ;

--
-- Дамп данных таблицы `workers`
--

INSERT INTO `workers` (`id`, `name`, `position`, `start_day`, `salary`) VALUES
(1, 'John Smith', 'big boss', 1441786098, 1000000),
(2, 'Buddy Destiny Roob', 'boss', 1441779643, 894602),
(3, 'Caterina Mona Rosenbaum', 'boss', 1441783654, 894283),
(4, 'Emily Arely Schuppe', 'boss', 1441784874, 891553),
(5, 'Madaline Corine Beer', 'boss', 1441780677, 885411),
(6, 'Ansel Priscilla McLaughlin', 'boss', 1441769723, 879251),
(7, 'Cortney Alverta Crooks', 'boss', 1441771185, 855470),
(8, 'Kylie April Murray', 'boss', 1441779585, 857892),
(9, 'Zackery Kelsi Rutherford', 'boss', 1441782760, 875749),
(10, 'Georgianna Katrina Hayes', 'boss', 1441780470, 897983),
(11, 'Diana Crystal Friesen', 'boss', 1441771101, 881600),
(12, 'Angelita Otto Klein', 'boss', 1441784021, 852844),
(13, 'Sammy Abdiel Cassin', 'boss', 1441785038, 884935),
(14, 'Irwin Jan Considine', 'boss', 1441772503, 871109),
(15, 'Julien London Kling', 'boss', 1441771523, 886733),
(16, 'Jordyn Maximus Kunze', 'boss', 1441783808, 859222),
(17, 'Melvina Americo O''Conner', 'boss', 1441780636, 889531),
(18, 'Beau Vernon Nolan', 'boss', 1441776451, 893943),
(19, 'Elvie Imogene Rutherford', 'boss', 1441770578, 859932),
(20, 'Lavada Dallas Gerlach', 'boss', 1441774573, 884839),
(21, 'Christa Arthur Runolfsson', 'boss', 1441772680, 891100),
(22, 'Rosalee Abdul Harris', 'boss', 1441772938, 886795),
(23, 'Ryan Billy Cruickshank', 'boss', 1441776393, 865260),
(24, 'Madelyn Trent Cremin', 'boss', 1441781939, 862506),
(25, 'Muhammad Luther Ward', 'boss', 1441774294, 866203),
(26, 'Evans America McKenzie', 'boss', 1441772589, 894980),
(27, 'Alvena Benedict Wisozk', 'boss', 1441787089, 891780),
(28, 'Austen Anjali Watsica', 'boss', 1441781531, 850036),
(29, 'Paolo Burley Batz', 'boss', 1441788604, 866405),
(30, 'Roxane Devyn Lubowitz', 'boss', 1441776029, 888809),
(31, 'Emery Ed Schuster', 'boss', 1441770792, 853553),
(32, 'Leda Ally Schumm', 'boss', 1441778976, 880243),
(33, 'Marcus Joana Cruickshank', 'boss', 1441788734, 868266),
(34, 'Dale Ubaldo Baumbach', 'boss', 1441773884, 863595),
(35, 'Felicity Norberto Cartwright', 'boss', 1441785630, 889644),
(36, 'Alexandra Yessenia McClure', 'boss', 1441769896, 860937),
(37, 'Bud Dana Hartmann', 'boss', 1441777809, 873350),
(38, 'Vernie Daren Marvin', 'boss', 1441786778, 889652),
(39, 'Jasen Andre Kulas', 'boss', 1441779724, 864113),
(40, 'Hector Dell Kub', 'boss', 1441779919, 874933),
(41, 'Lamar Kenyon Ritchie', 'boss', 1441768953, 858220),
(42, 'Ayden Kelsie Mitchell', 'boss', 1441785335, 862289),
(43, 'Caleigh Karianne Hessel', 'boss', 1441771201, 866023),
(44, 'Justina Nicholaus Volkman', 'boss', 1441784667, 880042),
(45, 'Erick Kimberly Willms', 'boss', 1441785294, 874437),
(46, 'Kacey Charity Steuber', 'boss', 1441770182, 851821),
(47, 'Angelica Leopoldo Nader', 'boss', 1441788187, 859437),
(48, 'Romaine Bernita Kilback', 'boss', 1441769768, 859076),
(49, 'Donato Micaela Jakubowski', 'boss', 1441779956, 898565),
(50, 'Audrey Elmer Harris', 'boss', 1441771942, 853561),
(51, 'Susanna Tobin Langworth', 'boss', 1441768804, 883418),
(52, 'Jaylon Krystina Kemmer', 'boss', 1441770844, 869849),
(53, 'Napoleon Kaya Farrell', 'boss', 1441776061, 882164),
(54, 'Tanya Ubaldo Corkery', 'boss', 1441771241, 887821),
(55, 'Constance Colin Christiansen', 'boss', 1441781180, 852027),
(56, 'Wilbert Cortney Pouros', 'boss', 1441773523, 895173),
(57, 'Reina Kaylah White', 'boss', 1441786738, 851799),
(58, 'Jacynthe Rachelle Nikolaus', 'boss', 1441778705, 899912),
(59, 'Saul Landen Tillman', 'boss', 1441783438, 854329),
(60, 'Maxime Shyann Satterfield', 'boss', 1441773429, 892859),
(61, 'Zella Ruthie Berge', 'boss', 1441775110, 859031),
(62, 'Joesph Ariane Mosciski', 'boss', 1441774958, 860147),
(63, 'Marietta Jettie Conroy', 'boss', 1441783706, 854383),
(64, 'Ray Marquise Cummerata', 'boss', 1441776185, 895722),
(65, 'Dino Zechariah Ryan', 'boss', 1441774302, 880425),
(66, 'Johnathan Davonte Boyer', 'boss', 1441770624, 863839),
(67, 'Korbin Rudy Wilkinson', 'boss', 1441780104, 891256),
(68, 'Werner Celine Hermann', 'boss', 1441777418, 861572),
(69, 'Dorris Devyn Stehr', 'boss', 1441787440, 867540),
(70, 'Laury Muriel Dooley', 'boss', 1441786331, 881302),
(71, 'Eudora Zachery Jacobi', 'boss', 1441780761, 879006),
(72, 'Emmet Florencio DuBuque', 'boss', 1441782753, 873224),
(73, 'Dudley Crystal Murphy', 'boss', 1441787648, 896941),
(74, 'Edythe Giovanna Hegmann', 'boss', 1441772701, 857846),
(75, 'Marilie Armand Little', 'boss', 1441783802, 856697),
(76, 'Jermey Stone Bradtke', 'boss', 1441787815, 888489),
(77, 'Harmony Lucienne Brakus', 'boss', 1441778051, 870189),
(78, 'Lucie Ulices Kovacek', 'boss', 1441770359, 863785),
(79, 'Golda Joey Frami', 'boss', 1441777349, 888393),
(80, 'Freddy Joyce Lindgren', 'boss', 1441778227, 890180),
(81, 'Anjali Christop Braun', 'boss', 1441771774, 863847),
(82, 'Sandrine Theron Koch', 'boss', 1441769932, 894431),
(83, 'Zaria Tre Moore', 'boss', 1441779529, 863154),
(84, 'Destin Riley Abbott', 'boss', 1441769616, 886109),
(85, 'Peter Mac Schoen', 'boss', 1441771942, 879479),
(86, 'Leatha Savannah Kunde', 'boss', 1441772045, 870096),
(87, 'Nash Alberta Anderson', 'boss', 1441778468, 895046),
(88, 'Hermann Zoie Reynolds', 'boss', 1441787609, 859088),
(89, 'Oren Raina Johnson', 'boss', 1441771682, 893645),
(90, 'Pauline Katarina Steuber', 'boss', 1441787322, 886093),
(91, 'Dustin Ambrose Becker', 'boss', 1441772289, 873128),
(92, 'Brigitte Esmeralda Borer', 'boss', 1441787826, 866931),
(93, 'Amira Kareem Walsh', 'boss', 1441774116, 857908),
(94, 'Betty Vesta Murphy', 'boss', 1441776386, 862735),
(95, 'Laurence Einar Mohr', 'boss', 1441769117, 861464),
(96, 'Isac Sterling Bruen', 'boss', 1441775894, 892450),
(97, 'Jordon Bridgette Kutch', 'boss', 1441772370, 898833),
(98, 'Cordie Sonya Mraz', 'boss', 1441769865, 895334),
(99, 'Emory Mekhi Schinner', 'boss', 1441787080, 899117),
(100, 'Shania Minnie Koss', 'boss', 1441787441, 893457),
(101, 'Jabari Jean Klocko', 'boss', 1441769571, 867979),
(102, 'Garett Shanna Kilback', 'boss', 1441788385, 854202),
(103, 'Haskell Kenneth Smitham', 'boss', 1441774299, 850148),
(104, 'Claudie Jacinto Romaguera', 'boss', 1441788088, 852764),
(105, 'Chaya Fabian Brown', 'boss', 1441778841, 891912),
(106, 'Theodora Rickey O''Reilly', 'boss', 1441782567, 884653),
(107, 'Maurice Jan Dickens', 'boss', 1441768901, 853620),
(108, 'Jimmie Rodrigo Reichel', 'boss', 1441773461, 878186),
(109, 'Ali Vicente Pfeffer', 'boss', 1441783307, 872191),
(110, 'Cecelia Keshaun Feest', 'boss', 1441773037, 856997),
(111, 'Brennan Morton Skiles', 'boss', 1441779011, 873598),
(112, 'Britney Lorna Harber', 'boss', 1441769187, 852533),
(113, 'Alysson Modesta Kuhn', 'boss', 1441776093, 885381),
(114, 'Lavada Cathryn Terry', 'boss', 1441770423, 866550),
(115, 'Emerson Rogelio Russel', 'boss', 1441782755, 899141),
(116, 'Mateo Lillian Tillman', 'boss', 1441770889, 883618),
(117, 'Dereck Ransom Trantow', 'boss', 1441780324, 883043),
(118, 'Ike Ollie Mayert', 'boss', 1441775348, 883621),
(119, 'Ernest Isaac Mraz', 'boss', 1441788256, 894313),
(120, 'Taurean Leilani Mraz', 'boss', 1441784192, 854254),
(121, 'Diana Myah Kub', 'boss', 1441769125, 891741),
(122, 'Clifton Jada DuBuque', 'boss', 1441778436, 853524),
(123, 'Jerrell Mylene Armstrong', 'boss', 1441773638, 898177),
(124, 'Adrain Althea Wolff', 'boss', 1441784722, 872253),
(125, 'Sanford Kiara Wiza', 'boss', 1441785624, 863035),
(126, 'Litzy Lolita Ryan', 'boss', 1441780315, 896573),
(127, 'Braeden Modesta Lesch', 'boss', 1441787031, 874794),
(128, 'Lacy Alessandra Lemke', 'boss', 1441778104, 870428),
(129, 'Cornelius Nils Emard', 'boss', 1441782940, 873491),
(130, 'Dena Icie Gutmann', 'boss', 1441771606, 858078),
(131, 'Beulah Thad Donnelly', 'boss', 1441786555, 863228),
(132, 'Marilyne Minerva Schoen', 'boss', 1441779962, 856591),
(133, 'Keara Lucile Keebler', 'boss', 1441784203, 874669),
(134, 'Rocio Julie Lubowitz', 'boss', 1441772937, 858352),
(135, 'Gia Brady Brekke', 'boss', 1441780336, 877541),
(136, 'Shanel Abby Bergstrom', 'boss', 1441775921, 863556),
(137, 'Janick Jakob Stoltenberg', 'boss', 1441782535, 893132),
(138, 'Sister Danny Orn', 'boss', 1441774931, 892710),
(139, 'Aron Oswaldo Kessler', 'boss', 1441786501, 856794),
(140, 'Devin Arjun Sporer', 'boss', 1441781609, 899134),
(141, 'Rick Desiree Lemke', 'boss', 1441781064, 880443),
(142, 'Dolly Abdul Veum', 'boss', 1441778216, 881461),
(143, 'Kristian Adonis Kertzmann', 'boss', 1441773174, 865053),
(144, 'Hailie Kareem Jacobs', 'boss', 1441782646, 896137),
(145, 'Zechariah Ezekiel Kiehn', 'boss', 1441772911, 863164),
(146, 'Claudia Elton Weber', 'boss', 1441773414, 869919),
(147, 'Susan Kayden Schulist', 'boss', 1441778479, 891378),
(148, 'Marc Alva Beahan', 'boss', 1441774660, 862378),
(149, 'Peyton Rory Schuppe', 'boss', 1441781205, 892858),
(150, 'Ludie Rosalyn Huels', 'boss', 1441781151, 878397),
(151, 'Madilyn Neil Lang', 'boss', 1441770542, 899831),
(152, 'Carroll Jerald Berge', 'boss', 1441783277, 880670),
(153, 'Gene Mose Strosin', 'boss', 1441779070, 896087),
(154, 'Letitia Nova Heathcote', 'boss', 1441772052, 852206),
(155, 'Yasmeen Raphael Goyette', 'boss', 1441787490, 879475),
(156, 'Alfreda Ulises Casper', 'boss', 1441784120, 858825),
(157, 'Franz Gavin Weissnat', 'boss', 1441769629, 874413),
(158, 'Ayana Edwardo O''Kon', 'boss', 1441786743, 861660),
(159, 'Zoey Abigayle Gottlieb', 'boss', 1441777443, 894374),
(160, 'Daren Lukas Lind', 'boss', 1441782813, 879657),
(161, 'Keenan Lessie Olson', 'boss', 1441786009, 854399),
(162, 'Verna Madilyn D''Amore', 'boss', 1441775847, 852072),
(163, 'Montana Lorena Conn', 'boss', 1441778530, 883589),
(164, 'Ardith Zoila Murphy', 'boss', 1441774985, 850976),
(165, 'August Levi Zieme', 'boss', 1441771334, 887609),
(166, 'Martina Deborah Wuckert', 'boss', 1441779991, 893753),
(167, 'Torrey Deion Pfeffer', 'boss', 1441778874, 861183),
(168, 'Joanie Patsy Crooks', 'boss', 1441786257, 855597),
(169, 'Betsy Delaney Moen', 'boss', 1441778729, 850602),
(170, 'Albin Wilhelm Vandervort', 'boss', 1441769797, 882016),
(171, 'Kavon Wellington Kohler', 'boss', 1441776601, 866218),
(172, 'Reva Deven Shanahan', 'boss', 1441772255, 851330),
(173, 'Candida Daniela Stamm', 'boss', 1441771319, 894945),
(174, 'Brant Abe Weissnat', 'boss', 1441785894, 887174),
(175, 'Cindy Hollis Metz', 'boss', 1441779836, 862758),
(176, 'Mikel Jaylin Effertz', 'boss', 1441778606, 870990),
(177, 'Maggie Tiara Heaney', 'boss', 1441782231, 897197),
(178, 'Roy Jaydon Fisher', 'boss', 1441778905, 854538),
(179, 'Jena Greta Swift', 'boss', 1441786705, 889864),
(180, 'Amy Napoleon Walker', 'boss', 1441780933, 872388),
(181, 'Rupert Coby Schuppe', 'boss', 1441774587, 858921),
(182, 'Ervin Dusty Bailey', 'boss', 1441769454, 854422),
(183, 'Ottilie Verner Stamm', 'boss', 1441785331, 861598),
(184, 'Terrell Bria Kuphal', 'boss', 1441784861, 888336),
(185, 'Kyle Allie Wiza', 'boss', 1441781514, 856681),
(186, 'Isai Viola Hessel', 'boss', 1441788169, 882138),
(187, 'Jayne Maximus Durgan', 'boss', 1441773839, 867024),
(188, 'Alicia Noemi Green', 'boss', 1441786016, 876648),
(189, 'Dario Kayli Reichert', 'boss', 1441786135, 892040),
(190, 'Allen Carolanne Parisian', 'boss', 1441775671, 857998),
(191, 'Amos Jacklyn Schneider', 'boss', 1441780356, 870204),
(192, 'Heidi Jackson Rowe', 'boss', 1441770023, 870135),
(193, 'Krystal Demond Donnelly', 'boss', 1441781578, 891558),
(194, 'Glen Elinore Jaskolski', 'boss', 1441782588, 877316),
(195, 'Adah Era Konopelski', 'boss', 1441783005, 860200),
(196, 'Erik Grant Skiles', 'boss', 1441772506, 876611),
(197, 'Nayeli Elenor Wiza', 'boss', 1441770965, 856797),
(198, 'Raegan Mercedes Fritsch', 'boss', 1441769543, 860403),
(199, 'Damon Kathlyn Tromp', 'boss', 1441769911, 851075),
(200, 'Roman Josephine Flatley', 'boss', 1441779091, 878888),
(201, 'Edwin Sabryna Bradtke', 'boss', 1441787423, 864323),
(202, 'Jordyn Deonte Ernser', 'boss', 1441787164, 852572),
(203, 'Jena Sabrina Rosenbaum', 'tiny boss', 1441779202, 763786),
(204, 'Geoffrey Obie Gottlieb', 'tiny boss', 1441785403, 769556),
(205, 'Sandra Veda Green', 'tiny boss', 1441774076, 731394),
(206, 'Carol Norbert Littel', 'tiny boss', 1441776073, 748272),
(207, 'Alf Estrella Balistreri', 'tiny boss', 1441779000, 733426),
(208, 'Victor Tiffany Kassulke', 'tiny boss', 1441777065, 754188),
(209, 'Alexandrea Toni Rutherford', 'tiny boss', 1441784050, 774960),
(210, 'Assunta Hosea Watsica', 'tiny boss', 1441786896, 740814),
(211, 'Aileen Jarod Baumbach', 'tiny boss', 1441787430, 789200),
(212, 'Onie Herbert Jerde', 'tiny boss', 1441769704, 727294),
(213, 'Raheem Dimitri Walter', 'tiny boss', 1441780468, 762472),
(214, 'Fleta Stan Hane', 'tiny boss', 1441780258, 723394),
(215, 'Aliya Marie Marvin', 'tiny boss', 1441772618, 759232),
(216, 'Darion Faustino Cummings', 'tiny boss', 1441768946, 754504),
(217, 'Santino Theron Konopelski', 'tiny boss', 1441776458, 747054),
(218, 'Hermina Jon Botsford', 'tiny boss', 1441786785, 786640),
(219, 'Hermann Payton West', 'tiny boss', 1441772689, 721646),
(220, 'Devante Brenna Heidenreich', 'tiny boss', 1441770413, 751440),
(221, 'Audrey Paris Goodwin', 'tiny boss', 1441775142, 731832),
(222, 'Cristopher Helen Farrell', 'tiny boss', 1441787100, 771174),
(223, 'Maxime Jayden Welch', 'tiny boss', 1441775768, 704568),
(224, 'Beatrice Kraig Willms', 'tiny boss', 1441779732, 783728),
(225, 'Madaline Jonas Daugherty', 'tiny boss', 1441769646, 769932),
(226, 'Mikayla Ward Jerde', 'tiny boss', 1441771828, 767622),
(227, 'Brittany Kim Crist', 'tiny boss', 1441779980, 786124),
(228, 'Noel Blair Reilly', 'tiny boss', 1441772528, 766992),
(229, 'Candelario Tara Orn', 'tiny boss', 1441783097, 764474),
(230, 'Mossie Muriel Green', 'tiny boss', 1441781597, 716606),
(231, 'Adelle Jane Collins', 'tiny boss', 1441773450, 794438),
(232, 'Chaim Shane Hilpert', 'tiny boss', 1441774426, 766858),
(233, 'Angelica Xzavier Cormier', 'tiny boss', 1441788618, 768588),
(234, 'Macey Marjory Schulist', 'tiny boss', 1441787031, 708758),
(235, 'Brisa Aurelie Crist', 'tiny boss', 1441774303, 707632),
(236, 'Linnie Giles Schamberger', 'tiny boss', 1441781050, 798952),
(237, 'Kareem Yvette Walker', 'tiny boss', 1441769333, 785398),
(238, 'Weston Alexander Prosacco', 'tiny boss', 1441788752, 784700),
(239, 'Mallory Adan Auer', 'tiny boss', 1441770662, 753836),
(240, 'Branson Jamie Blick', 'tiny boss', 1441778025, 728894),
(241, 'Richie Savion Kihn', 'tiny boss', 1441778369, 768028),
(242, 'Immanuel Lincoln Romaguera', 'tiny boss', 1441777387, 735052),
(243, 'Colby Garland Ritchie', 'tiny boss', 1441780655, 711172),
(244, 'Ewald Jesus Mohr', 'tiny boss', 1441780978, 772314),
(245, 'Milo Leon Veum', 'tiny boss', 1441778851, 719600),
(246, 'Zoey Joany Anderson', 'tiny boss', 1441773562, 700444),
(247, 'Nona Aliyah Auer', 'tiny boss', 1441772407, 707766),
(248, 'Cristian Rosario Predovic', 'tiny boss', 1441775531, 794838),
(249, 'Gene Darrin Kertzmann', 'tiny boss', 1441783902, 793248),
(250, 'Ressie Hollie Larson', 'tiny boss', 1441787901, 771504),
(251, 'Roel Finn Treutel', 'tiny boss', 1441784040, 721744),
(252, 'Coralie Tina O''Keefe', 'tiny boss', 1441777311, 712084),
(253, 'Lelia Osborne Koelpin', 'tiny boss', 1441776649, 792088),
(254, 'Orlo Sarah Kunze', 'tiny boss', 1441781028, 788850),
(255, 'Jalyn Clinton Davis', 'tiny boss', 1441783682, 781230),
(256, 'Hettie Dayana Mayer', 'tiny boss', 1441771942, 789686),
(257, 'Einar Kelley Satterfield', 'tiny boss', 1441770216, 769248),
(258, 'Houston Tomasa Mante', 'tiny boss', 1441783571, 743108),
(259, 'Nikki Mateo Beer', 'tiny boss', 1441769456, 764346),
(260, 'Sanford Gillian White', 'tiny boss', 1441775051, 743262),
(261, 'Tanya Dan Collins', 'tiny boss', 1441787729, 727852),
(262, 'Simeon Isabell Senger', 'tiny boss', 1441776151, 774908),
(263, 'Bridget Garrett Marvin', 'tiny boss', 1441769487, 799222),
(264, 'Arlie Liliane Fadel', 'tiny boss', 1441772260, 738440),
(265, 'Celine Vita Berge', 'tiny boss', 1441782312, 721030),
(266, 'Camden Vincent Paucek', 'tiny boss', 1441769396, 774872),
(267, 'Jeremie Quinn Toy', 'tiny boss', 1441781904, 763980),
(268, 'Helmer Eryn Abernathy', 'tiny boss', 1441779198, 790846),
(269, 'Mathilde Zaria Jacobi', 'tiny boss', 1441777090, 751902),
(270, 'Mable Mireille Sanford', 'tiny boss', 1441783931, 783624),
(271, 'Preston Ethyl Lowe', 'tiny boss', 1441774826, 786746),
(272, 'Eveline Bettie Breitenberg', 'tiny boss', 1441781486, 766102),
(273, 'Marcus Allen Bechtelar', 'tiny boss', 1441785189, 773594),
(274, 'Fredrick Annetta Kunde', 'tiny boss', 1441770378, 791792),
(275, 'Jennings Emile Kunze', 'tiny boss', 1441786381, 745646),
(276, 'Sonia Ettie Boyle', 'tiny boss', 1441774749, 779834),
(277, 'Fritz Molly Effertz', 'tiny boss', 1441769731, 789232),
(278, 'Jarvis Elsie Krajcik', 'tiny boss', 1441769366, 739996),
(279, 'Josefina Orland Goldner', 'tiny boss', 1441784695, 768802),
(280, 'Ken Winnifred Schimmel', 'tiny boss', 1441784617, 797670),
(281, 'Jarod Lilly Jones', 'tiny boss', 1441783847, 751938),
(282, 'Judson Ova Rolfson', 'tiny boss', 1441771517, 718866),
(283, 'Mariana Bill Mante', 'tiny boss', 1441787891, 734342),
(284, 'Zetta Eriberto O''Keefe', 'tiny boss', 1441786709, 735230),
(285, 'Guido Alfonso Bailey', 'tiny boss', 1441770655, 764840),
(286, 'Dante Precious Bauch', 'tiny boss', 1441777457, 769026),
(287, 'Leila Elta Rempel', 'tiny boss', 1441784095, 770390),
(288, 'Sidney Genesis Kshlerin', 'tiny boss', 1441786653, 758142),
(289, 'Andre Nolan Franecki', 'tiny boss', 1441783285, 781064),
(290, 'Minnie Melyna O''Conner', 'tiny boss', 1441777811, 781098),
(291, 'Freddy Sonya Armstrong', 'tiny boss', 1441771430, 755070),
(292, 'Tomas Dedric Torphy', 'tiny boss', 1441780074, 782032),
(293, 'Cicero Brown Fisher', 'tiny boss', 1441784861, 703732),
(294, 'Turner Fay Greenholt', 'tiny boss', 1441773205, 795710),
(295, 'Reilly Estel Cummerata', 'tiny boss', 1441778026, 716506),
(296, 'Kayli Alejandra Larson', 'tiny boss', 1441772595, 772522),
(297, 'Keyshawn Gilbert Schulist', 'tiny boss', 1441788506, 785972),
(298, 'Angel Lucious Monahan', 'tiny boss', 1441774262, 703484),
(299, 'Lauriane Kailyn Simonis', 'tiny boss', 1441782003, 732828),
(300, 'Mallory Maximillian Kreiger', 'tiny boss', 1441779844, 745240),
(301, 'Maida Moriah Goodwin', 'tiny boss', 1441777346, 730904),
(302, 'Stone Woodrow Hartmann', 'tiny boss', 1441781608, 745050),
(303, 'Alvera Enrico West', 'tiny boss', 1441771488, 732156),
(304, 'Savannah Barton Schimmel', 'tiny boss', 1441787445, 765808),
(305, 'Barney Frances Osinski', 'tiny boss', 1441784508, 791660),
(306, 'Norma Kira Herzog', 'tiny boss', 1441785870, 711028),
(307, 'Beulah Alexandre Macejkovic', 'tiny boss', 1441784607, 792618),
(308, 'Agnes Emmet Hyatt', 'tiny boss', 1441771022, 749854),
(309, 'Deja Jena Robel', 'tiny boss', 1441773113, 771360),
(310, 'Hassan Hattie Botsford', 'tiny boss', 1441787669, 742046),
(311, 'Carson Johnpaul Hintz', 'tiny boss', 1441769482, 742336),
(312, 'Karen Maximillia Wiegand', 'tiny boss', 1441776200, 763000),
(313, 'Claude Merlin Weber', 'tiny boss', 1441776290, 723128),
(314, 'Gregory Freddie Koss', 'tiny boss', 1441777632, 728728),
(315, 'Kole Margaret Herman', 'tiny boss', 1441784241, 759440),
(316, 'Keagan Rosalee Stehr', 'tiny boss', 1441778605, 720874),
(317, 'Caitlyn Janet Rempel', 'tiny boss', 1441777162, 750094),
(318, 'Aniyah Andre Kovacek', 'tiny boss', 1441776386, 711700),
(319, 'Maci Yvette McClure', 'tiny boss', 1441777007, 772050),
(320, 'Chanel Ben Stiedemann', 'tiny boss', 1441783863, 789100),
(321, 'Angelica Elinor Wuckert', 'tiny boss', 1441768854, 705380),
(322, 'Valentine Devan Connelly', 'tiny boss', 1441774552, 781586),
(323, 'Carolina Jennie Bergstrom', 'tiny boss', 1441785907, 758292),
(324, 'Zoe Johathan O''Conner', 'tiny boss', 1441787596, 783302),
(325, 'Maryam Issac Larson', 'tiny boss', 1441774491, 792112),
(326, 'Laila Herman Rempel', 'tiny boss', 1441772757, 779010),
(327, 'Jamarcus Jazmyne Lowe', 'tiny boss', 1441779063, 746292),
(328, 'Eldridge Lisa Conroy', 'tiny boss', 1441775430, 769104),
(329, 'Dannie Yadira Huels', 'tiny boss', 1441787200, 763412),
(330, 'Felix Lauretta Collier', 'tiny boss', 1441781627, 794600),
(331, 'Ambrose Syble Bruen', 'tiny boss', 1441774604, 714174),
(332, 'Bettye Angelica Zemlak', 'tiny boss', 1441782992, 762134),
(333, 'Erin Kari Jones', 'tiny boss', 1441770103, 722408),
(334, 'Sanford Zane Daniel', 'tiny boss', 1441781787, 768976),
(335, 'Brannon Jake Zemlak', 'tiny boss', 1441780651, 790068),
(336, 'Keanu Domenico Lindgren', 'tiny boss', 1441775904, 728014),
(337, 'Avis Rebeka Bins', 'tiny boss', 1441776326, 722226),
(338, 'Yoshiko Justina Rutherford', 'tiny boss', 1441783860, 792768),
(339, 'Theodora Amya Keeling', 'tiny boss', 1441775331, 752090),
(340, 'Christelle Murphy Auer', 'tiny boss', 1441769793, 782374),
(341, 'Shea Henderson Hansen', 'tiny boss', 1441768994, 765988),
(342, 'Birdie Devante Welch', 'tiny boss', 1441788472, 706598),
(343, 'Matilde Lilyan Crona', 'tiny boss', 1441786770, 728372),
(344, 'Jadon Hailee VonRueden', 'tiny boss', 1441770284, 790834),
(345, 'Stacy Hailey Weber', 'tiny boss', 1441781235, 706820),
(346, 'Frederic Mertie Schuster', 'tiny boss', 1441786249, 701092),
(347, 'Dorcas Immanuel Kirlin', 'tiny boss', 1441773091, 797038),
(348, 'Dena Daphne Leannon', 'tiny boss', 1441773002, 769018),
(349, 'Tyree Broderick Larkin', 'tiny boss', 1441776168, 747848),
(350, 'Christ Aurelia Hintz', 'tiny boss', 1441777813, 716876),
(351, 'Tyson Sim Reynolds', 'tiny boss', 1441782420, 786210),
(352, 'Jennyfer Sigmund Tromp', 'tiny boss', 1441783572, 782556),
(353, 'Arnaldo Leonora Mohr', 'tiny boss', 1441786923, 742196),
(354, 'Nestor Flo Hayes', 'tiny boss', 1441773792, 744574),
(355, 'Jenifer Karen Bruen', 'tiny boss', 1441772881, 774014),
(356, 'Abigale Mylene Nolan', 'tiny boss', 1441777617, 747070),
(357, 'Garnett Mavis Jewess', 'tiny boss', 1441776623, 792990),
(358, 'Fabian Antoinette Kovacek', 'tiny boss', 1441774810, 724810),
(359, 'Hollie Hailee White', 'tiny boss', 1441772601, 788578),
(360, 'Darien Jarrod Parker', 'tiny boss', 1441780765, 728186),
(361, 'Rachel Dewayne Klocko', 'tiny boss', 1441778394, 753354),
(362, 'Craig Kolby Kemmer', 'tiny boss', 1441771493, 748212),
(363, 'Pamela Everette Mills', 'tiny boss', 1441779703, 708022),
(364, 'Luis Gwen Ebert', 'tiny boss', 1441788639, 741528),
(365, 'Jerry Kaycee Zulauf', 'tiny boss', 1441775359, 726412),
(366, 'Susana Dayana Gutkowski', 'tiny boss', 1441784465, 755402),
(367, 'Chelsea Pasquale Gaylord', 'tiny boss', 1441782313, 760476),
(368, 'Daphne Selina Wiza', 'tiny boss', 1441786864, 752722),
(369, 'Myriam Tanner Spencer', 'tiny boss', 1441780645, 765292),
(370, 'Dorris Kailyn Terry', 'tiny boss', 1441784350, 737006),
(371, 'Mattie Fae Little', 'tiny boss', 1441778556, 724062),
(372, 'Tierra Tyrel Senger', 'tiny boss', 1441771065, 777394),
(373, 'Kayleigh Luella Bayer', 'tiny boss', 1441777376, 773118),
(374, 'Abigayle Bryana Blanda', 'tiny boss', 1441771775, 733648),
(375, 'Keira Shawn Corwin', 'tiny boss', 1441776557, 726906),
(376, 'Josie Stephan Kirlin', 'tiny boss', 1441786870, 781166),
(377, 'Enid Macy Murray', 'tiny boss', 1441778678, 703012),
(378, 'Earline Casandra Lang', 'tiny boss', 1441777364, 735956),
(379, 'Velva Ruthie Klein', 'tiny boss', 1441774441, 747134),
(380, 'Liliana Hildegard Jacobi', 'tiny boss', 1441769899, 779664),
(381, 'Modesta Raven Turcotte', 'tiny boss', 1441787675, 758102),
(382, 'Jett Gwen Hammes', 'tiny boss', 1441781741, 784552),
(383, 'Ursula Deontae Cremin', 'tiny boss', 1441780332, 712868),
(384, 'Samson Lacy Sporer', 'tiny boss', 1441785781, 738512),
(385, 'Eliza Amelia Pollich', 'tiny boss', 1441777491, 791514),
(386, 'Cullen Brenna O''Reilly', 'tiny boss', 1441775533, 770062),
(387, 'Shanna Demarco Crooks', 'tiny boss', 1441772355, 702236),
(388, 'Darrion Merlin Satterfield', 'tiny boss', 1441770139, 773340),
(389, 'Buddy Kip Zulauf', 'tiny boss', 1441771254, 706368),
(390, 'Oliver Myrna Kunde', 'tiny boss', 1441779364, 733112),
(391, 'Ole Clifton Lindgren', 'tiny boss', 1441778639, 743362),
(392, 'Stefanie Francisca Feeney', 'tiny boss', 1441788599, 749768),
(393, 'Julio Bernhard Kreiger', 'tiny boss', 1441782087, 755796),
(394, 'Nickolas Marielle Kiehn', 'tiny boss', 1441783859, 764326),
(395, 'Johann Javon Hane', 'tiny boss', 1441777303, 714370),
(396, 'Brown Lexie Hegmann', 'tiny boss', 1441776785, 783424),
(397, 'Rickey Reta Conroy', 'tiny boss', 1441773115, 742916),
(398, 'Emmanuel Derick Grimes', 'tiny boss', 1441769642, 704326),
(399, 'Sister Layne Gorczany', 'tiny boss', 1441776475, 743386),
(400, 'Ethan Ezra Murray', 'tiny boss', 1441780323, 739928),
(401, 'Dora Abelardo Bergnaum', 'tiny boss', 1441777463, 720858),
(402, 'Maegan Jessika Auer', 'tiny boss', 1441787342, 743744),
(403, 'Darron Dion Osinski', 'tiny boss', 1441774281, 708534),
(404, 'Dana Clotilde Flatley', 'worker', 1441774837, 602368),
(405, 'Jakob Brenda Mayer', 'worker', 1441778257, 689119),
(406, 'Therese Ally Ullrich', 'worker', 1441777578, 584797),
(407, 'Jacky Mariam Stark', 'worker', 1441778845, 606913),
(408, 'Janelle Rosario Klocko', 'worker', 1441785954, 600994),
(409, 'Jaleel Ashton Windler', 'worker', 1441788622, 567553),
(410, 'Ebony Elliot Armstrong', 'worker', 1441770979, 599977),
(411, 'Rasheed Toney Rodriguez', 'worker', 1441788291, 564598),
(412, 'Vesta Leonie Kuphal', 'worker', 1441769295, 629212),
(413, 'Rylan Johathan Wisozk', 'worker', 1441771680, 671284),
(414, 'Alba Thalia Hettinger', 'worker', 1441788169, 572092),
(415, 'Kyleigh Lillian Powlowski', 'worker', 1441770744, 628045),
(416, 'Thaddeus Meggie Torp', 'worker', 1441770490, 635455),
(417, 'Kaela Robin Pfannerstill', 'worker', 1441780561, 629995),
(418, 'Mose Orlando Morar', 'worker', 1441779774, 637075),
(419, 'Lewis Randy Nader', 'worker', 1441784332, 614440),
(420, 'Raul Pascale Hand', 'worker', 1441785161, 643165),
(421, 'Dominique Kiara Deckow', 'worker', 1441778385, 598372),
(422, 'Zachariah Vena Tromp', 'worker', 1441786417, 555868),
(423, 'Merlin Kaitlin Von', 'worker', 1441777176, 565969),
(424, 'Skyla Alexandre Schmitt', 'worker', 1441778933, 600775),
(425, 'Petra Marcos Lockman', 'worker', 1441778280, 656107),
(426, 'Leopold Kristian Waelchi', 'worker', 1441778724, 614407),
(427, 'Cordelia Robbie Cassin', 'worker', 1441787403, 599827),
(428, 'Viviane Deshaun Stracke', 'worker', 1441787432, 681727),
(429, 'August Aida Bogisich', 'worker', 1441783371, 657883),
(430, 'Adriel Annabell Leannon', 'worker', 1441777321, 573628),
(431, 'Margaretta Flavio Kuhlman', 'worker', 1441783139, 608194),
(432, 'Chris Hailee Armstrong', 'worker', 1441776282, 684457),
(433, 'Arden Joey Gaylord', 'worker', 1441786783, 683389),
(434, 'Elenor Malachi Yost', 'worker', 1441772831, 569473),
(435, 'Oswald Virgil Smith', 'worker', 1441782506, 558262),
(436, 'Robyn Noemie Hickle', 'worker', 1441781109, 632398),
(437, 'Barbara Jude Leannon', 'worker', 1441771638, 587311),
(438, 'Osvaldo Brendan Borer', 'worker', 1441785881, 662875),
(439, 'Noemie Stan Abbott', 'worker', 1441773632, 642217),
(440, 'Donny Arnulfo Okuneva', 'worker', 1441787538, 623992),
(441, 'Armando Kassandra Predovic', 'worker', 1441771064, 599341),
(442, 'Estevan Rowena Rutherford', 'worker', 1441787095, 689776),
(443, 'Nakia Orland Marks', 'worker', 1441774640, 677245),
(444, 'Nikita Kendall Bergstrom', 'worker', 1441771193, 682678),
(445, 'Carrie Roosevelt Brakus', 'worker', 1441788188, 574165),
(446, 'Candida Yvonne Cormier', 'worker', 1441777098, 561103),
(447, 'Julius Kailyn O''Hara', 'worker', 1441773657, 555532),
(448, 'Blaise Greyson Oberbrunner', 'worker', 1441777700, 606892),
(449, 'Nash Austen Leannon', 'worker', 1441776129, 591469),
(450, 'Zakary Itzel Kiehn', 'worker', 1441786515, 562807),
(451, 'Neal Imelda Macejkovic', 'worker', 1441788807, 694276),
(452, 'Nicolas Jacinthe Emard', 'worker', 1441782683, 570067),
(453, 'Brandi Presley Russel', 'worker', 1441778016, 655942),
(454, 'Lizzie Domenic Connelly', 'worker', 1441775970, 605818),
(455, 'Wilton Kyler McKenzie', 'worker', 1441788213, 685651),
(456, 'Kraig Idella Leuschke', 'worker', 1441771767, 670648),
(457, 'Alexandria Arturo Herman', 'worker', 1441786974, 697270),
(458, 'Ramiro Anastasia Koch', 'worker', 1441776090, 676078),
(459, 'German Braxton McDermott', 'worker', 1441770003, 646849),
(460, 'Alana Garry McKenzie', 'worker', 1441780579, 632068),
(461, 'Lee Rocio Wiza', 'worker', 1441786128, 570136),
(462, 'Vincent Ethyl Smith', 'worker', 1441787500, 684520),
(463, 'Dawn Oda Hauck', 'worker', 1441782301, 620062),
(464, 'Icie Joana Schulist', 'worker', 1441774741, 552763),
(465, 'Norbert Helena Conn', 'worker', 1441788601, 654238),
(466, 'Graham Valerie McGlynn', 'worker', 1441780822, 617080),
(467, 'Hoyt Merlin Schulist', 'worker', 1441783231, 572470),
(468, 'Bell Edna Purdy', 'worker', 1441769880, 606175),
(469, 'Katelyn Newell Pagac', 'worker', 1441777519, 654256),
(470, 'Watson Alice Willms', 'worker', 1441776684, 684703),
(471, 'Antonietta Ressie Berge', 'worker', 1441780920, 696271),
(472, 'Dawson Norbert Keeling', 'worker', 1441771622, 590740),
(473, 'Jon Gene Cassin', 'worker', 1441786009, 649879),
(474, 'Lucious Sylvia Moore', 'worker', 1441785711, 573316),
(475, 'Rashawn Krystel Schowalter', 'worker', 1441773490, 658642),
(476, 'Katlyn Jaleel Murazik', 'worker', 1441775590, 679897),
(477, 'Wilbert Susan Green', 'worker', 1441777193, 645796),
(478, 'Sabryna Ludwig Hane', 'worker', 1441788526, 643870),
(479, 'Nola Clotilde Hahn', 'worker', 1441769069, 651775),
(480, 'Maymie Seth Dickens', 'worker', 1441787409, 672076),
(481, 'Dallas Clarabelle Murray', 'worker', 1441784198, 571693),
(482, 'Hillard Maya Beer', 'worker', 1441775754, 582289),
(483, 'Jaydon Loma Gulgowski', 'worker', 1441785781, 642859),
(484, 'Edgardo Jannie Conn', 'worker', 1441782704, 590722),
(485, 'Jerrold Ayla Schinner', 'worker', 1441770148, 582259),
(486, 'Wava Izaiah Mraz', 'worker', 1441788024, 599521),
(487, 'Patricia Rosendo Gorczany', 'worker', 1441771751, 674077),
(488, 'Bettie Bernice Hansen', 'worker', 1441787102, 684271),
(489, 'Mellie Ethyl Carter', 'worker', 1441788169, 607180),
(490, 'Kennith Theo Emmerich', 'worker', 1441775956, 681499),
(491, 'Trevion Delores Schmitt', 'worker', 1441785103, 562618),
(492, 'Nona Zack Frami', 'worker', 1441776225, 676162),
(493, 'Elmer Daphne Farrell', 'worker', 1441781384, 651142),
(494, 'Allan Louie Spencer', 'worker', 1441780177, 589156),
(495, 'Gordon Prudence Schuster', 'worker', 1441773963, 650677),
(496, 'Lavonne Laurie Hodkiewicz', 'worker', 1441775700, 664825),
(497, 'Milo Lelia Mosciski', 'worker', 1441782919, 643837),
(498, 'Alden Nora Kozey', 'worker', 1441771312, 608437),
(499, 'Kim Jeanne Beier', 'worker', 1441776456, 605431),
(500, 'Jordane Clare Hagenes', 'worker', 1441781153, 673708),
(501, 'Joy Emmie Graham', 'worker', 1441775901, 589948),
(502, 'Johan Amiya Keebler', 'worker', 1441769987, 650278),
(503, 'Evalyn Marjorie Okuneva', 'worker', 1441780707, 619072),
(504, 'Cameron Aditya Aufderhar', 'worker', 1441778206, 651241),
(505, 'Ronaldo Stefanie Prohaska', 'worker', 1441773452, 569164),
(506, 'Tianna Verona Windler', 'worker', 1441786826, 550612),
(507, 'Dariana Ruben Kunze', 'worker', 1441784841, 658789),
(508, 'Devyn Heath Goodwin', 'worker', 1441782486, 620863),
(509, 'George Monserrat Auer', 'worker', 1441778699, 586177),
(510, 'Ramona Jamey Walsh', 'worker', 1441782454, 670384),
(511, 'Skye Albertha Rutherford', 'worker', 1441776981, 616765),
(512, 'Waldo Lillian Casper', 'worker', 1441779618, 681013),
(513, 'Vilma Garrett Mante', 'worker', 1441784767, 570667),
(514, 'Jaquan Mayra Crist', 'worker', 1441787496, 695524),
(515, 'Dario Savanna Nader', 'worker', 1441775256, 610192),
(516, 'Aurore Edna Lemke', 'worker', 1441785227, 555127),
(517, 'Jazmyne Maye Krajcik', 'worker', 1441774779, 677329),
(518, 'Jed Paolo Nienow', 'worker', 1441782577, 686974),
(519, 'Dedrick Hilbert Metz', 'worker', 1441787789, 681256),
(520, 'Hans Dexter O''Connell', 'worker', 1441784936, 641644),
(521, 'Charley Lucio McClure', 'worker', 1441781862, 685843),
(522, 'Judson Hunter Bechtelar', 'worker', 1441778321, 630667),
(523, 'Elaina Forest Russel', 'worker', 1441772702, 647143),
(524, 'Reece Ian Strosin', 'worker', 1441774372, 664003),
(525, 'Delphine Arely Steuber', 'worker', 1441769139, 600898),
(526, 'Kathlyn Alfonzo Kertzmann', 'worker', 1441775355, 587545),
(527, 'Keven Westley Mante', 'worker', 1441778126, 550039),
(528, 'Stone Teresa Barrows', 'worker', 1441779161, 570634),
(529, 'Iva Torrey Borer', 'worker', 1441769738, 652186),
(530, 'Bryana Darryl Quigley', 'worker', 1441784304, 693547),
(531, 'Krystina Patricia Emard', 'worker', 1441782181, 657139),
(532, 'Lisa Clement Flatley', 'worker', 1441774925, 684988),
(533, 'Geoffrey Berta Stehr', 'worker', 1441786782, 694393),
(534, 'Tremaine Bertram Breitenberg', 'worker', 1441785791, 559603),
(535, 'Brice Lionel Daniel', 'worker', 1441772994, 560623),
(536, 'Jameson Candelario Quitzon', 'worker', 1441787291, 655489),
(537, 'Levi Mattie Hills', 'worker', 1441773396, 657205),
(538, 'Kenny Guiseppe Legros', 'worker', 1441770441, 621658),
(539, 'Mathilde Dejah Hermiston', 'worker', 1441788691, 677686),
(540, 'Sydni Jamison Donnelly', 'worker', 1441771883, 655579),
(541, 'Nellie Santino Sanford', 'worker', 1441772706, 695308),
(542, 'Loyce Myrna Bosco', 'worker', 1441778882, 640648),
(543, 'Abigayle Amiya Cassin', 'worker', 1441777395, 600505),
(544, 'Wiley Genesis Runte', 'worker', 1441774327, 633697),
(545, 'Dexter Monte Deckow', 'worker', 1441777835, 588391),
(546, 'Rebecca Louvenia Torp', 'worker', 1441781736, 602506),
(547, 'Dolores Allan Funk', 'worker', 1441777231, 596275),
(548, 'Leonard Mason Schneider', 'worker', 1441770248, 613282),
(549, 'Jovan Meda Brakus', 'worker', 1441771910, 641146),
(550, 'Reilly Terrill Von', 'worker', 1441779629, 568171),
(551, 'Deonte Max Terry', 'worker', 1441776325, 557182),
(552, 'Terrance Norberto Ziemann', 'worker', 1441785270, 692770),
(553, 'Beulah Dominique Schamberger', 'worker', 1441788056, 633253),
(554, 'Jena Trycia Koss', 'worker', 1441783188, 673588),
(555, 'Marietta Lacy Tromp', 'worker', 1441772803, 600412),
(556, 'Erling Tavares Rogahn', 'worker', 1441775019, 595594),
(557, 'Sigurd Al Jacobi', 'worker', 1441769396, 569404),
(558, 'Alejandra Claudie Boehm', 'worker', 1441773033, 679687),
(559, 'Jalyn Christophe Collier', 'worker', 1441774788, 618157),
(560, 'Matilda Bianka Lang', 'worker', 1441785120, 570196),
(561, 'Murray Ronaldo Pacocha', 'worker', 1441769057, 679288),
(562, 'Germaine Jakob Abbott', 'worker', 1441779794, 572401),
(563, 'Anais Rosella Boyle', 'worker', 1441780406, 577597),
(564, 'Aron Kelvin Armstrong', 'worker', 1441771196, 640015),
(565, 'Akeem Lottie Langworth', 'worker', 1441770163, 667588),
(566, 'Jerald Elliott Streich', 'worker', 1441784093, 562678),
(567, 'Berenice Corine Wyman', 'worker', 1441777781, 670927),
(568, 'Erika Lindsay Mayer', 'worker', 1441778876, 603484),
(569, 'Norwood Roel Breitenberg', 'worker', 1441785841, 613990),
(570, 'Jerrod Torrey Kris', 'worker', 1441776557, 636454),
(571, 'Rebekah Peyton Schaden', 'worker', 1441785041, 565330),
(572, 'Stephen Juwan Roob', 'worker', 1441783781, 634045),
(573, 'Chanel Tanya Blick', 'worker', 1441779212, 673189),
(574, 'Shanie Geoffrey Bayer', 'worker', 1441777810, 554659),
(575, 'Jovanny Alverta Connelly', 'worker', 1441770306, 602995),
(576, 'Dejuan Israel Boyle', 'worker', 1441771536, 680134),
(577, 'Jeanne Orlando Wolff', 'worker', 1441783404, 624868),
(578, 'Barrett Zachary Quigley', 'worker', 1441778476, 603238),
(579, 'Cleveland Wiley Graham', 'worker', 1441771705, 601108),
(580, 'Teagan Karson Feil', 'worker', 1441777770, 615184),
(581, 'Vivienne Jacques Wolff', 'worker', 1441781541, 623713),
(582, 'Timothy Royal Connelly', 'worker', 1441779183, 693127),
(583, 'Keyon Donna Jewess', 'worker', 1441777363, 601861),
(584, 'Leatha Barrett Klocko', 'worker', 1441788106, 687643),
(585, 'Giovanny Michelle Dickens', 'worker', 1441786750, 599416),
(586, 'Blair Jeramy Bradtke', 'worker', 1441770552, 660259),
(587, 'Domingo Addie Huels', 'worker', 1441785403, 572434),
(588, 'Geovany Toney Lueilwitz', 'worker', 1441778166, 620935),
(589, 'Maybell Darrel Fahey', 'worker', 1441782152, 556660),
(590, 'Johnnie Branson Vandervort', 'worker', 1441773211, 565573),
(591, 'Imelda Seth Grady', 'worker', 1441783951, 555019),
(592, 'Lance Dane Ryan', 'worker', 1441773578, 663508),
(593, 'Moses Dolores Kassulke', 'worker', 1441780876, 575134),
(594, 'Jacquelyn Jerod Doyle', 'worker', 1441777784, 695011),
(595, 'Kylee Rupert Franecki', 'worker', 1441771130, 666808),
(596, 'Elian Laron Eichmann', 'worker', 1441769968, 688795),
(597, 'Caesar Amie Wiza', 'worker', 1441786045, 659530),
(598, 'Lessie Tressie Nitzsche', 'worker', 1441784897, 659506),
(599, 'Wilber Charlie Ondricka', 'worker', 1441775069, 649981),
(600, 'Kristina Allen Hamill', 'worker', 1441772959, 645235),
(601, 'Lottie Constance Balistreri', 'worker', 1441770783, 589528),
(602, 'Cristal Jewel Brekke', 'worker', 1441785173, 594997),
(603, 'Alphonso Layne Crona', 'worker', 1441773890, 621727),
(604, 'Tristian Nelda Heathcote', 'worker', 1441778177, 556261),
(605, 'Darius Lessie Tillman', 'tiny worker', 1441778218, 559760),
(606, 'Krystina Jade Cormier', 'tiny worker', 1441779238, 416564),
(607, 'Vaughn Destin Mills', 'tiny worker', 1441775719, 498980),
(608, 'Ulises Nestor Treutel', 'tiny worker', 1441771245, 560428),
(609, 'Zelma Crystel Anderson', 'tiny worker', 1441781472, 573456),
(610, 'Chaz Felicia McLaughlin', 'tiny worker', 1441777718, 596964),
(611, 'Stephanie Nicholas Cummerata', 'tiny worker', 1441778681, 499592),
(612, 'Darrel Margarette Dooley', 'tiny worker', 1441787793, 414452),
(613, 'Lavina Demetrius Ritchie', 'tiny worker', 1441783673, 500044),
(614, 'Alison Zoe Hodkiewicz', 'tiny worker', 1441781236, 482432),
(615, 'Ollie Vance Russel', 'tiny worker', 1441770900, 553720),
(616, 'Jermaine Shaina Luettgen', 'tiny worker', 1441773439, 501684),
(617, 'Willard Aurelia Ritchie', 'tiny worker', 1441777943, 445768),
(618, 'Chaya Katrine Schowalter', 'tiny worker', 1441780418, 454236),
(619, 'Daryl Sidney Sawayn', 'tiny worker', 1441770502, 417608),
(620, 'Jessika Tristin Dickens', 'tiny worker', 1441783813, 453368),
(621, 'Karelle Katheryn Bernhard', 'tiny worker', 1441787409, 416888),
(622, 'Estel Elouise Treutel', 'tiny worker', 1441775889, 593616),
(623, 'Marlee Ivy Bauch', 'tiny worker', 1441785613, 547516),
(624, 'Ima Heloise Pagac', 'tiny worker', 1441784539, 400756),
(625, 'Aileen Demetrius Schinner', 'tiny worker', 1441785195, 519648),
(626, 'Lucinda Beulah Funk', 'tiny worker', 1441778275, 481824),
(627, 'Oren Celestino Powlowski', 'tiny worker', 1441774356, 499688),
(628, 'Reymundo Eldon Wisoky', 'tiny worker', 1441771240, 575100),
(629, 'Jamar Missouri Nikolaus', 'tiny worker', 1441774426, 560296),
(630, 'Destany Zack Nolan', 'tiny worker', 1441788200, 400108),
(631, 'Christelle Meta O''Kon', 'tiny worker', 1441784857, 530376),
(632, 'Tanner Kaci Fadel', 'tiny worker', 1441769543, 507640),
(633, 'Anthony Salvatore Marvin', 'tiny worker', 1441788228, 445084),
(634, 'Cecil Garett Kreiger', 'tiny worker', 1441776288, 529724),
(635, 'Elisabeth Stella Ritchie', 'tiny worker', 1441775240, 595832),
(636, 'Brielle Kristopher Robel', 'tiny worker', 1441775073, 429636),
(637, 'Lauren Lauretta Robel', 'tiny worker', 1441769723, 580268),
(638, 'Brett Norma Mann', 'tiny worker', 1441783166, 551916),
(639, 'Tess Georgette Dickens', 'tiny worker', 1441773632, 552304),
(640, 'Amara Emmitt Emmerich', 'tiny worker', 1441773455, 472340),
(641, 'Kaylin Domenica Jones', 'tiny worker', 1441772041, 472088),
(642, 'Unique Lee Quitzon', 'tiny worker', 1441779458, 447936),
(643, 'Amiya Carrie Steuber', 'tiny worker', 1441778156, 556036),
(644, 'Rafael Judy Schinner', 'tiny worker', 1441780314, 466992),
(645, 'Willy Llewellyn Greenfelder', 'tiny worker', 1441778304, 526800),
(646, 'Virgie Vivien Larkin', 'tiny worker', 1441785789, 499036),
(647, 'Kip Ethelyn Ryan', 'tiny worker', 1441776938, 463288),
(648, 'Granville Jesus Grimes', 'tiny worker', 1441781273, 544848),
(649, 'Zackery Leif Blick', 'tiny worker', 1441781636, 450652),
(650, 'Nathanial Heaven Walker', 'tiny worker', 1441772783, 486464),
(651, 'Icie Georgianna Bashirian', 'tiny worker', 1441788103, 430304),
(652, 'Max Anya Reichel', 'tiny worker', 1441771959, 537160),
(653, 'Alycia Eloy Hodkiewicz', 'tiny worker', 1441785164, 449896),
(654, 'Winnifred Alanna Torphy', 'tiny worker', 1441781068, 491468),
(655, 'Lenora Carlos Dietrich', 'tiny worker', 1441779776, 513336),
(656, 'Khalid Derek Kuhlman', 'tiny worker', 1441777998, 575172),
(657, 'Wiley Alexane Hermann', 'tiny worker', 1441782013, 430780),
(658, 'Kurtis Ervin Miller', 'tiny worker', 1441781266, 495300),
(659, 'Litzy Cleveland McKenzie', 'tiny worker', 1441770080, 468632),
(660, 'Ayden Bridgette Johnson', 'tiny worker', 1441775012, 490136),
(661, 'Zella Francisca Morissette', 'tiny worker', 1441775307, 599556),
(662, 'Jerome Major Nienow', 'tiny worker', 1441774002, 579212),
(663, 'Ernestine Calista Goldner', 'tiny worker', 1441787144, 552448),
(664, 'Ludie Astrid Mitchell', 'tiny worker', 1441788628, 413304),
(665, 'Alycia Felicita Rodriguez', 'tiny worker', 1441778170, 462468),
(666, 'Blanca Jennyfer Cummerata', 'tiny worker', 1441769903, 524452),
(667, 'Nels Alberta Swift', 'tiny worker', 1441769090, 521028),
(668, 'Ibrahim Whitney Parisian', 'tiny worker', 1441774471, 575928),
(669, 'Carolina Makayla Turner', 'tiny worker', 1441773730, 425772),
(670, 'Melissa Schuyler Schumm', 'tiny worker', 1441769594, 412268),
(671, 'Destin Dallin Haley', 'tiny worker', 1441784045, 430620),
(672, 'Lela Cierra Lind', 'tiny worker', 1441778165, 509252),
(673, 'Kelvin Jarrod Emmerich', 'tiny worker', 1441775110, 595724),
(674, 'Nat Lucie Jones', 'tiny worker', 1441783698, 423912),
(675, 'Kristoffer Mona Smith', 'tiny worker', 1441770130, 437480),
(676, 'Clarabelle Kayla Yundt', 'tiny worker', 1441775335, 444532),
(677, 'Era Noel Schmitt', 'tiny worker', 1441785435, 578560),
(678, 'Maia Nikki Heller', 'tiny worker', 1441772841, 440636),
(679, 'Jarrell Kara Stoltenberg', 'tiny worker', 1441775475, 597860),
(680, 'Gordon Janae Little', 'tiny worker', 1441771607, 513012),
(681, 'Geoffrey Ben Dicki', 'tiny worker', 1441777831, 480536),
(682, 'Kieran Teagan Macejkovic', 'tiny worker', 1441787650, 443688),
(683, 'Aiyana Loren O''Conner', 'tiny worker', 1441778203, 468000),
(684, 'Edythe Mireya Littel', 'tiny worker', 1441782607, 545948),
(685, 'Rosanna Emmie O''Connell', 'tiny worker', 1441775421, 507904),
(686, 'Destin Monserrat Botsford', 'tiny worker', 1441788746, 514320),
(687, 'Noelia Orie Hessel', 'tiny worker', 1441786438, 504156),
(688, 'Steve Tevin Hodkiewicz', 'tiny worker', 1441773957, 474584),
(689, 'Joana Elsa Grimes', 'tiny worker', 1441771331, 566916),
(690, 'Seamus Korbin Cummings', 'tiny worker', 1441786756, 433776),
(691, 'Ryleigh Scarlett Lynch', 'tiny worker', 1441778306, 462580),
(692, 'Leila Alta Towne', 'tiny worker', 1441781284, 530176),
(693, 'Beaulah Leda Huel', 'tiny worker', 1441788688, 463812),
(694, 'Carley Hans Kerluke', 'tiny worker', 1441782305, 483312),
(695, 'Owen Libbie Kemmer', 'tiny worker', 1441781931, 599520),
(696, 'Zion Margarett Shanahan', 'tiny worker', 1441770212, 443968),
(697, 'Guiseppe Salvatore Littel', 'tiny worker', 1441780615, 504852),
(698, 'Santina Alisa Grant', 'tiny worker', 1441786020, 444176),
(699, 'Rita Yasmeen Watsica', 'tiny worker', 1441775440, 471220),
(700, 'Audie Liliane Lowe', 'tiny worker', 1441776367, 447216),
(701, 'Monique Jamey Welch', 'tiny worker', 1441770236, 496284),
(702, 'Robbie Landen Cartwright', 'tiny worker', 1441778522, 597620),
(703, 'Lynn Luna Mosciski', 'tiny worker', 1441786957, 533944),
(704, 'Corine Cora Oberbrunner', 'tiny worker', 1441785374, 471168),
(705, 'Clovis Trudie Ryan', 'tiny worker', 1441770678, 544356),
(706, 'Lauretta April Parisian', 'tiny worker', 1441770438, 524892),
(707, 'Odie Keven Stokes', 'tiny worker', 1441774605, 543928),
(708, 'Santina Rosemarie Hickle', 'tiny worker', 1441772856, 547072),
(709, 'Lauryn Laurel Gibson', 'tiny worker', 1441785066, 455316),
(710, 'Erika Vivienne Bauch', 'tiny worker', 1441782395, 507240),
(711, 'Destinee Terrill Mills', 'tiny worker', 1441786514, 557428),
(712, 'Ben Davon Rempel', 'tiny worker', 1441784442, 406176),
(713, 'Buck Meta Miller', 'tiny worker', 1441786524, 535420),
(714, 'Josefa Kim Murphy', 'tiny worker', 1441785015, 525916),
(715, 'Effie Keara Murray', 'tiny worker', 1441780803, 530696),
(716, 'Stone Ted Rolfson', 'tiny worker', 1441775753, 479736),
(717, 'Therese Elva Hauck', 'tiny worker', 1441778177, 590912),
(718, 'Claire Charlotte Nikolaus', 'tiny worker', 1441778923, 462168),
(719, 'Jaycee Carol Willms', 'tiny worker', 1441785600, 519976),
(720, 'Chelsey Karelle Kuhlman', 'tiny worker', 1441772416, 499000),
(721, 'Adella Moises Skiles', 'tiny worker', 1441773150, 528048),
(722, 'Lucie Damion Spencer', 'tiny worker', 1441774746, 497252),
(723, 'Lionel Katelynn Hirthe', 'tiny worker', 1441779030, 481524),
(724, 'Violet Jared Steuber', 'tiny worker', 1441770056, 495216),
(725, 'Garry Mohamed Frami', 'tiny worker', 1441774569, 553072),
(726, 'Marquise Gerald Boyle', 'tiny worker', 1441773109, 512416),
(727, 'Burley Adele Schulist', 'tiny worker', 1441769219, 471588),
(728, 'Elisabeth Ryder Will', 'tiny worker', 1441774296, 599636),
(729, 'Harmon Leif Runolfsdottir', 'tiny worker', 1441775558, 572236),
(730, 'Derick Albertha Kunde', 'tiny worker', 1441784635, 488904),
(731, 'Kristofer Kailyn Considine', 'tiny worker', 1441774290, 446416),
(732, 'Eleazar Reid O''Conner', 'tiny worker', 1441780764, 443504),
(733, 'Gunner Gabrielle Daugherty', 'tiny worker', 1441779242, 591792),
(734, 'Kip Colin Ortiz', 'tiny worker', 1441769949, 507972),
(735, 'Hollie Reba Hirthe', 'tiny worker', 1441782369, 462260),
(736, 'Trystan Kaden Ward', 'tiny worker', 1441775083, 558084),
(737, 'Wilfrid Dewayne Schuppe', 'tiny worker', 1441778747, 517988),
(738, 'Orlando Donald Schroeder', 'tiny worker', 1441779680, 550868),
(739, 'Otis Anabelle Block', 'tiny worker', 1441771581, 475372),
(740, 'Samson Foster Nienow', 'tiny worker', 1441772879, 574612),
(741, 'Marisa Florida Prohaska', 'tiny worker', 1441777197, 557076),
(742, 'Audie Mikayla Beatty', 'tiny worker', 1441774448, 498840),
(743, 'Camren Brandt Murray', 'tiny worker', 1441770050, 542000),
(744, 'Cathrine Mae Nienow', 'tiny worker', 1441779776, 424340),
(745, 'Lauryn Vaughn Kulas', 'tiny worker', 1441787718, 415300),
(746, 'Kennith Cassandre Krajcik', 'tiny worker', 1441784880, 533144),
(747, 'Reva Kellen Hammes', 'tiny worker', 1441775902, 418388),
(748, 'Tanya Michale Marvin', 'tiny worker', 1441771399, 538528),
(749, 'Marcelina Maci Marvin', 'tiny worker', 1441773433, 498920),
(750, 'Terrence Alexie Gorczany', 'tiny worker', 1441771601, 535024),
(751, 'Raina Cecil Ankunding', 'tiny worker', 1441777262, 560800),
(752, 'Austen Lawson Barrows', 'tiny worker', 1441773375, 448412),
(753, 'Maryam Davon Heathcote', 'tiny worker', 1441787470, 514180),
(754, 'Cayla Jeremie Langworth', 'tiny worker', 1441785238, 485728),
(755, 'Sasha Hunter Becker', 'tiny worker', 1441772256, 525472),
(756, 'Zelma Jensen Huels', 'tiny worker', 1441781328, 585256),
(757, 'Margret Jacquelyn Hermiston', 'tiny worker', 1441772950, 467328),
(758, 'Preston Vincenzo Cormier', 'tiny worker', 1441786412, 466516),
(759, 'Jaleel Augustus Abbott', 'tiny worker', 1441769006, 568660),
(760, 'Joaquin Nicklaus Dickinson', 'tiny worker', 1441780881, 480296),
(761, 'Jed Else Jast', 'tiny worker', 1441783002, 464616),
(762, 'Ludwig Makenzie Hahn', 'tiny worker', 1441785750, 458628),
(763, 'Raheem Kory Bogisich', 'tiny worker', 1441785640, 446612),
(764, 'Jace Cordie Schumm', 'tiny worker', 1441787661, 564796),
(765, 'Charity Mitchel Barton', 'tiny worker', 1441780748, 512300),
(766, 'Zackery Trent Nitzsche', 'tiny worker', 1441783878, 543324),
(767, 'Ruben Branson Kertzmann', 'tiny worker', 1441770281, 415580),
(768, 'Gregoria Gene Stamm', 'tiny worker', 1441787293, 569996),
(769, 'Missouri Pasquale Koch', 'tiny worker', 1441779316, 516620),
(770, 'Jamil Maurine Corwin', 'tiny worker', 1441771420, 501844),
(771, 'Gerda Raphael Tremblay', 'tiny worker', 1441781056, 431816),
(772, 'Shanna Alexandre Kreiger', 'tiny worker', 1441775401, 527148),
(773, 'Anastacio Sabryna Cormier', 'tiny worker', 1441781829, 483832),
(774, 'Hanna Jennings Feeney', 'tiny worker', 1441769000, 415440),
(775, 'Brisa Johathan Koepp', 'tiny worker', 1441786088, 551568),
(776, 'Carole Ransom Block', 'tiny worker', 1441777610, 567508),
(777, 'Alysha Carmel Koepp', 'tiny worker', 1441781411, 520184),
(778, 'Manuela Alvera Koss', 'tiny worker', 1441787246, 465368),
(779, 'Jane Catherine Kilback', 'tiny worker', 1441783502, 531084),
(780, 'Elton Cayla McGlynn', 'tiny worker', 1441769546, 522316),
(781, 'Afton Alford Abshire', 'tiny worker', 1441781190, 431928),
(782, 'Kenneth Cielo Harber', 'tiny worker', 1441786780, 532876),
(783, 'Westley Arielle Lakin', 'tiny worker', 1441781425, 426616),
(784, 'Princess Hubert Kutch', 'tiny worker', 1441776835, 522828),
(785, 'Wanda Josue Tillman', 'tiny worker', 1441774288, 525312),
(786, 'Gaetano Wilbert Tromp', 'tiny worker', 1441778228, 599208),
(787, 'Hildegard Aaron Swift', 'tiny worker', 1441777980, 594416),
(788, 'Amelia Elyse Walsh', 'tiny worker', 1441775099, 400292),
(789, 'Elisha Melisa Schamberger', 'tiny worker', 1441783832, 406584),
(790, 'Oda Anderson Labadie', 'tiny worker', 1441782215, 545620),
(791, 'Serena Sarina Abernathy', 'tiny worker', 1441781294, 490728),
(792, 'Gideon Yadira Dibbert', 'tiny worker', 1441769964, 485960),
(793, 'Sonny Zena Bergnaum', 'tiny worker', 1441782945, 582004),
(794, 'Ramona Lowell Terry', 'tiny worker', 1441769366, 553360),
(795, 'Angelica Matt Wisozk', 'tiny worker', 1441769490, 471808),
(796, 'Kody Damon Abernathy', 'tiny worker', 1441777058, 411084),
(797, 'Hazle Lowell Reichel', 'tiny worker', 1441774755, 457804),
(798, 'Briana Nikki Crooks', 'tiny worker', 1441780306, 503676),
(799, 'Eleanora Arnold Moore', 'tiny worker', 1441770694, 593904),
(800, 'Nyasia Valentine Ryan', 'tiny worker', 1441782002, 506908),
(801, 'Mikel Stephany Sauer', 'tiny worker', 1441772384, 540252),
(802, 'Tate Maryam Frami', 'tiny worker', 1441785661, 577820),
(803, 'Cynthia Amos Witting', 'tiny worker', 1441783031, 413260),
(804, 'Jean Kirk Borer', 'tiny worker', 1441780422, 404684),
(805, 'Reva Paolo Larson', 'tiny worker', 1441778959, 435588),
(806, 'Garnett Queen Kuhn', 'cleaner', 1441786054, 321305),
(807, 'Aaron Rosario Terry', 'cleaner', 1441774624, 482675),
(808, 'Keeley Michael Walter', 'cleaner', 1441777945, 294585),
(809, 'Sam Soledad Johnson', 'cleaner', 1441787606, 312585),
(810, 'Viola Keon Lesch', 'cleaner', 1441772111, 403245),
(811, 'Fredrick Daren Hermann', 'cleaner', 1441783603, 335975),
(812, 'Magnolia Sydney Reynolds', 'cleaner', 1441770193, 288880),
(813, 'Deron Carolyne Stiedemann', 'cleaner', 1441781446, 487420),
(814, 'Ressie Nicholaus Block', 'cleaner', 1441784458, 319655),
(815, 'Mariana Cassie Hammes', 'cleaner', 1441778087, 396800),
(816, 'Birdie Barbara Bernhard', 'cleaner', 1441782794, 402800),
(817, 'Matteo Maegan Cruickshank', 'cleaner', 1441773606, 451805),
(818, 'Leonard Floyd Hermann', 'cleaner', 1441773718, 297100),
(819, 'Samanta Martine Simonis', 'cleaner', 1441776205, 360450),
(820, 'Faustino Casandra Abbott', 'cleaner', 1441771370, 425415);
INSERT INTO `workers` (`id`, `name`, `position`, `start_day`, `salary`) VALUES
(821, 'Jovan Alfonzo Ankunding', 'cleaner', 1441787213, 463555),
(822, 'Ludie Jeffery McLaughlin', 'cleaner', 1441780518, 437150),
(823, 'Simeon Guillermo Gusikowski', 'cleaner', 1441786082, 297245),
(824, 'Shawna Montana Paucek', 'cleaner', 1441781550, 270780),
(825, 'Winnifred Antonetta Kuhic', 'cleaner', 1441775389, 405480),
(826, 'Janice Letha Bernhard', 'cleaner', 1441775482, 466355),
(827, 'Reyes Aniya Franecki', 'cleaner', 1441785840, 402505),
(828, 'Timmothy Greta Larson', 'cleaner', 1441768954, 477970),
(829, 'Harley Nettie Bins', 'cleaner', 1441781261, 285390),
(830, 'Ward Lucy Welch', 'cleaner', 1441779234, 486285),
(831, 'Kayley Brannon Wyman', 'cleaner', 1441783606, 496530),
(832, 'Clair Demetris Gorczany', 'cleaner', 1441779211, 461030),
(833, 'Johnny Felicita Rempel', 'cleaner', 1441777953, 486110),
(834, 'Adella Cleora Stehr', 'cleaner', 1441782401, 473495),
(835, 'Kevon Jarvis Shields', 'cleaner', 1441777505, 274635),
(836, 'Bernie Roberta Lakin', 'cleaner', 1441787944, 259030),
(837, 'Rashad Della Heller', 'cleaner', 1441788592, 265430),
(838, 'Wellington Roderick Bergstrom', 'cleaner', 1441785608, 279555),
(839, 'Thomas Ernestine Kunde', 'cleaner', 1441775663, 307135),
(840, 'Amir Adrain Bernier', 'cleaner', 1441780779, 286040),
(841, 'Mikayla Pamela Cassin', 'cleaner', 1441786299, 256185),
(842, 'Winifred Horacio Lakin', 'cleaner', 1441779477, 381025),
(843, 'Keira Emmie Spencer', 'cleaner', 1441776202, 289345),
(844, 'Camila Nigel Altenwerth', 'cleaner', 1441773340, 331115),
(845, 'Zaria Lia Hagenes', 'cleaner', 1441774201, 466180),
(846, 'Meda Jodie Padberg', 'cleaner', 1441784636, 379470),
(847, 'Rowan Jaunita Spinka', 'cleaner', 1441787250, 291570),
(848, 'Marcelo Leonard Sawayn', 'cleaner', 1441771253, 308320),
(849, 'Emilio Ellie Bernhard', 'cleaner', 1441785425, 278220),
(850, 'Cathy Marquise McLaughlin', 'cleaner', 1441771708, 251445),
(851, 'Janelle Josiah Willms', 'cleaner', 1441786930, 259130),
(852, 'Berta Amaya Roob', 'cleaner', 1441770143, 256710),
(853, 'Emilia Lysanne Parisian', 'cleaner', 1441783094, 450130),
(854, 'Grady Mckenzie Harvey', 'cleaner', 1441781321, 348525),
(855, 'Corine Doug Huel', 'cleaner', 1441783369, 262335),
(856, 'Kurtis Ned Bartoletti', 'cleaner', 1441775634, 340360),
(857, 'Diamond Linnie Mosciski', 'cleaner', 1441780333, 364710),
(858, 'Dion Elvera Goodwin', 'cleaner', 1441784097, 397265),
(859, 'Jamarcus Karen Kemmer', 'cleaner', 1441774689, 496500),
(860, 'Hudson Eula Witting', 'cleaner', 1441783351, 348325),
(861, 'Heaven Jeanie Purdy', 'cleaner', 1441780267, 279775),
(862, 'Edwin Maia Rowe', 'cleaner', 1441780662, 499225),
(863, 'Nannie Eda Hartmann', 'cleaner', 1441769018, 281925),
(864, 'Nikki Carolina Ryan', 'cleaner', 1441778920, 444675),
(865, 'Brenna Earnest Johns', 'cleaner', 1441776022, 328145),
(866, 'Esperanza Adrianna Wiegand', 'cleaner', 1441781642, 380965),
(867, 'Abigail Bernard O''Connell', 'cleaner', 1441784481, 313940),
(868, 'Clarissa Brisa Howe', 'cleaner', 1441777966, 418460),
(869, 'Howell Deanna Lebsack', 'cleaner', 1441770722, 267630),
(870, 'Kaitlyn Akeem Kutch', 'cleaner', 1441787660, 394060),
(871, 'Kelsie Lamar Rice', 'cleaner', 1441769199, 412850),
(872, 'Zachary Madison Ledner', 'cleaner', 1441786114, 433750),
(873, 'Blake Celestino Maggio', 'cleaner', 1441777492, 481045),
(874, 'Cloyd Carmen Halvorson', 'cleaner', 1441769342, 265060),
(875, 'Esta Lisette Rosenbaum', 'cleaner', 1441781302, 273960),
(876, 'Kennith Ethan Kertzmann', 'cleaner', 1441778987, 279600),
(877, 'Madilyn Alaina Weimann', 'cleaner', 1441779457, 476190),
(878, 'Della Norma Dare', 'cleaner', 1441787315, 345535),
(879, 'Major Carey Towne', 'cleaner', 1441768912, 467600),
(880, 'Mohammad Christ Senger', 'cleaner', 1441782213, 370085),
(881, 'Larue Anais Gutmann', 'cleaner', 1441769744, 385885),
(882, 'Dylan Ellie Considine', 'cleaner', 1441772199, 362045),
(883, 'Guido Mollie Hills', 'cleaner', 1441770155, 439065),
(884, 'Ignatius Daren Purdy', 'cleaner', 1441771414, 494265),
(885, 'Joshua Salvador Reilly', 'cleaner', 1441771475, 467950),
(886, 'Alexis Giles Crooks', 'cleaner', 1441784624, 416155),
(887, 'Elvera Santa O''Hara', 'cleaner', 1441773156, 258670),
(888, 'Janie Hipolito Little', 'cleaner', 1441772218, 316190),
(889, 'Barrett Eli Ruecker', 'cleaner', 1441777776, 355185),
(890, 'Jalyn Teagan Frami', 'cleaner', 1441775212, 484425),
(891, 'Gordon Jayde Murazik', 'cleaner', 1441776039, 371740),
(892, 'Maxime Erling Schaefer', 'cleaner', 1441780249, 374940),
(893, 'Victoria Ursula Nitzsche', 'cleaner', 1441771774, 305410),
(894, 'Dane Dortha Towne', 'cleaner', 1441784591, 418410),
(895, 'Sebastian Rosamond Cummerata', 'cleaner', 1441786932, 348580),
(896, 'Khalid Jean Mertz', 'cleaner', 1441781130, 334565),
(897, 'Dedric Branson Farrell', 'cleaner', 1441786591, 451440),
(898, 'Cristopher Dorris Dooley', 'cleaner', 1441783382, 444690),
(899, 'Delpha Clyde Kemmer', 'cleaner', 1441783956, 384500),
(900, 'Zaria Moses Tremblay', 'cleaner', 1441770487, 484135),
(901, 'Helga Bridie Trantow', 'cleaner', 1441785353, 301075),
(902, 'Hailee Earlene Schuppe', 'cleaner', 1441772212, 414810),
(903, 'Rae Lucius Wintheiser', 'cleaner', 1441775237, 299810),
(904, 'Adolf Hailie Willms', 'cleaner', 1441773947, 487705),
(905, 'Hildegard Judy McLaughlin', 'cleaner', 1441781187, 487145),
(906, 'Jamal Sheldon Watsica', 'cleaner', 1441781709, 305340),
(907, 'Audie Roel O''Hara', 'cleaner', 1441778903, 289830),
(908, 'Jayce Willie Jast', 'cleaner', 1441787135, 384340),
(909, 'Florine Fabian Mraz', 'cleaner', 1441777214, 267445),
(910, 'Madeline Leta Macejkovic', 'cleaner', 1441772492, 467850),
(911, 'Alessandro Edwina Glover', 'cleaner', 1441783075, 424875),
(912, 'Lyla Eusebio Haag', 'cleaner', 1441775672, 338105),
(913, 'Dayton Yesenia Leffler', 'cleaner', 1441786563, 274800),
(914, 'D''angelo Riley Fisher', 'cleaner', 1441775190, 378890),
(915, 'Addie Marion Monahan', 'cleaner', 1441785880, 400245),
(916, 'Elisha Brennan Lind', 'cleaner', 1441775186, 388060),
(917, 'Rickie Madisen McDermott', 'cleaner', 1441772356, 267020),
(918, 'Heather Lorenza Langosh', 'cleaner', 1441770426, 390030),
(919, 'Danika Cayla O''Kon', 'cleaner', 1441775443, 286260),
(920, 'Wilson Liza Rogahn', 'cleaner', 1441771303, 448275),
(921, 'Marilou Kayla Runolfsdottir', 'cleaner', 1441787721, 376915),
(922, 'Linnea Ezra White', 'cleaner', 1441788829, 477830),
(923, 'Lacy Keven Zemlak', 'cleaner', 1441769889, 278235),
(924, 'Angeline Flo Bayer', 'cleaner', 1441779645, 307800),
(925, 'Kyler Barbara Anderson', 'cleaner', 1441775780, 362295),
(926, 'Cary Wilber Bode', 'cleaner', 1441771018, 493855),
(927, 'Aleen Rahsaan Marquardt', 'cleaner', 1441777343, 446480),
(928, 'Alexander Lilian Batz', 'cleaner', 1441785839, 380705),
(929, 'Demetris Pierce Hodkiewicz', 'cleaner', 1441769659, 355980),
(930, 'Gaston Frederic Vandervort', 'cleaner', 1441787623, 414660),
(931, 'Steve Jeramy Runolfsson', 'cleaner', 1441775930, 486305),
(932, 'Humberto Cary Kuphal', 'cleaner', 1441785510, 456055),
(933, 'Judy Ansley Beier', 'cleaner', 1441772484, 365775),
(934, 'Santos Casey Reichel', 'cleaner', 1441779266, 341810),
(935, 'Hayden Hardy Rutherford', 'cleaner', 1441773775, 468025),
(936, 'Helga Ubaldo Wiza', 'cleaner', 1441784283, 447910),
(937, 'Savannah Johnny Breitenberg', 'cleaner', 1441777380, 274495),
(938, 'Ellsworth Ilene Herman', 'cleaner', 1441776574, 251875),
(939, 'Margarett Shirley Volkman', 'cleaner', 1441769002, 336950),
(940, 'Anika Marianne Haag', 'cleaner', 1441777781, 395325),
(941, 'Araceli Sonya Cormier', 'cleaner', 1441787471, 339955),
(942, 'Dorris Adolfo Hoppe', 'cleaner', 1441780170, 496415),
(943, 'Julie Rey Haley', 'cleaner', 1441769737, 413400),
(944, 'Newell Evalyn Yundt', 'cleaner', 1441771631, 462375),
(945, 'Hermann Addie Krajcik', 'cleaner', 1441775881, 444970),
(946, 'Destany Marianne Boyle', 'cleaner', 1441780680, 301985),
(947, 'Brown Shania Hammes', 'cleaner', 1441774105, 392680),
(948, 'Hassan Santina Mayer', 'cleaner', 1441781458, 438110),
(949, 'Alexys Aurelia Harber', 'cleaner', 1441785738, 347345),
(950, 'Riley Berneice Schaden', 'cleaner', 1441778730, 270155),
(951, 'Arlo Dee Kemmer', 'cleaner', 1441770231, 345100),
(952, 'Jaeden Gonzalo Oberbrunner', 'cleaner', 1441772887, 486605),
(953, 'Ellis Nigel Keeling', 'cleaner', 1441770164, 429895),
(954, 'Jordane Sophia Nader', 'cleaner', 1441784944, 377485),
(955, 'Timothy Roy Prohaska', 'cleaner', 1441776239, 465980),
(956, 'Gregory Berniece Kozey', 'cleaner', 1441781542, 396910),
(957, 'Grady Viola Hartmann', 'cleaner', 1441772285, 450435),
(958, 'Alejandra Alayna Leannon', 'cleaner', 1441779946, 475540),
(959, 'Araceli Rosamond Feeney', 'cleaner', 1441780256, 325630),
(960, 'Elliot Ismael Johnston', 'cleaner', 1441773048, 333100),
(961, 'Jean Caleb Grimes', 'cleaner', 1441785228, 291770),
(962, 'Dashawn Hobart Berge', 'cleaner', 1441774363, 290875),
(963, 'Ruthie Devon Roberts', 'cleaner', 1441780406, 369360),
(964, 'Miller Tatum Bechtelar', 'cleaner', 1441783032, 334230),
(965, 'Jailyn Amber West', 'cleaner', 1441772115, 461725),
(966, 'Frances Zoila Bradtke', 'cleaner', 1441788820, 425065),
(967, 'Brando Rhiannon Senger', 'cleaner', 1441784813, 417490),
(968, 'Isaias Esperanza Gerlach', 'cleaner', 1441777116, 314360),
(969, 'Fausto Bert Turner', 'cleaner', 1441786074, 343100),
(970, 'Cassidy Anais Huels', 'cleaner', 1441773939, 354660),
(971, 'Tyson Trudie Beier', 'cleaner', 1441771602, 415320),
(972, 'Olaf Alford Robel', 'cleaner', 1441770927, 312560),
(973, 'Naomi Manley Ratke', 'cleaner', 1441770226, 443720),
(974, 'Ila Rodger Walker', 'cleaner', 1441770347, 431230),
(975, 'Elwin Tomasa Krajcik', 'cleaner', 1441768899, 433175),
(976, 'Hollis America Erdman', 'cleaner', 1441770090, 492890),
(977, 'Kailyn Hilma Schaden', 'cleaner', 1441777700, 396385),
(978, 'Maximus Raina Collins', 'cleaner', 1441788672, 381335),
(979, 'Dereck Estella Kuhic', 'cleaner', 1441774830, 416360),
(980, 'Lurline Lavada Satterfield', 'cleaner', 1441770230, 394410),
(981, 'Wilfredo Kian Streich', 'cleaner', 1441771618, 458915),
(982, 'Reggie Derick Greenfelder', 'cleaner', 1441769533, 306530),
(983, 'Cheyenne Trever Blanda', 'cleaner', 1441777518, 435190),
(984, 'Vena Erica Runte', 'cleaner', 1441776971, 431185),
(985, 'Clement Chasity McLaughlin', 'cleaner', 1441785108, 264120),
(986, 'Elmore Oma Mueller', 'cleaner', 1441783559, 433395),
(987, 'Nicklaus Carlie Homenick', 'cleaner', 1441775089, 434975),
(988, 'Emmanuel Robyn Bailey', 'cleaner', 1441785939, 392275),
(989, 'Dorris Vivien Schowalter', 'cleaner', 1441781292, 319815),
(990, 'Jaylon Braulio Jast', 'cleaner', 1441771374, 363480),
(991, 'Ike Hosea Yost', 'cleaner', 1441775669, 486035),
(992, 'Mckenzie Jade Veum', 'cleaner', 1441782758, 441745),
(993, 'Buford Makayla Satterfield', 'cleaner', 1441773297, 258810),
(994, 'Jaunita Earline Paucek', 'cleaner', 1441783604, 323350),
(995, 'Beulah Danyka Hackett', 'cleaner', 1441777380, 283665),
(996, 'Leslie Jorge Grant', 'cleaner', 1441783054, 368650),
(997, 'Gunner Giovanna Jacobs', 'cleaner', 1441784247, 338920),
(998, 'Hardy Edgardo Rempel', 'cleaner', 1441780872, 414565),
(999, 'Rollin Nathan Steuber', 'cleaner', 1441788350, 398200),
(1000, 'Bernardo Alvina Blanda', 'cleaner', 1441772450, 337065),
(1001, 'Nikita Jazlyn Pagac', 'cleaner', 1441787267, 442955),
(1002, 'Marcus Adrain Littel', 'cleaner', 1441773804, 363695);

--
-- Ограничения внешнего ключа сохраненных таблиц
--

--
-- Ограничения внешнего ключа таблицы `dependencies`
--
ALTER TABLE `dependencies`
  ADD CONSTRAINT `dependencies_boss_id_foreign` FOREIGN KEY (`boss_id`) REFERENCES `workers` (`id`),
  ADD CONSTRAINT `dependencies_worker_id_foreign` FOREIGN KEY (`worker_id`) REFERENCES `workers` (`id`);

/*!40101 SET CHARACTER_SET_CLIENT=@OLD_CHARACTER_SET_CLIENT */;
/*!40101 SET CHARACTER_SET_RESULTS=@OLD_CHARACTER_SET_RESULTS */;
/*!40101 SET COLLATION_CONNECTION=@OLD_COLLATION_CONNECTION */;
